"","date","new_cases_clarke","cases_cum_clarke","X7_day_ave_clarke","wrf","collection_num","target","mean_copy_num_uL_rxn","mean_copy_num_L","sd_L","mean_total_copies","sd_total_copies","day"
"1",2020-03-15,3,3,0,NA,NA,NA,NA,NA,NA,NA,NA,NA
"2",2020-03-16,1,4,1,NA,NA,NA,NA,NA,NA,NA,NA,NA
"3",2020-03-17,2,6,1,NA,NA,NA,NA,NA,NA,NA,NA,NA
"4",2020-03-18,4,10,1,NA,NA,NA,NA,NA,NA,NA,NA,NA
"5",2020-03-19,3,13,2,NA,NA,NA,NA,NA,NA,NA,NA,NA
"6",2020-03-20,1,14,2,NA,NA,NA,NA,NA,NA,NA,NA,NA
"7",2020-03-21,1,15,2,NA,NA,NA,NA,NA,NA,NA,NA,NA
"8",2020-03-22,2,17,2,NA,NA,NA,NA,NA,NA,NA,NA,NA
"9",2020-03-23,5,22,3,NA,NA,NA,NA,NA,NA,NA,NA,NA
"10",2020-03-24,2,24,3,NA,NA,NA,NA,NA,NA,NA,NA,NA
"11",2020-03-25,3,27,2,NA,NA,NA,NA,NA,NA,NA,NA,NA
"12",2020-03-26,6,33,3,NA,NA,NA,NA,NA,NA,NA,NA,NA
"13",2020-03-27,5,38,3,NA,NA,NA,NA,NA,NA,NA,NA,NA
"14",2020-03-28,1,39,3,NA,NA,NA,NA,NA,NA,NA,NA,NA
"15",2020-03-29,1,40,3,NA,NA,NA,NA,NA,NA,NA,NA,NA
"16",2020-03-30,8,48,4,NA,NA,NA,NA,NA,NA,NA,NA,NA
"17",2020-03-31,4,52,4,NA,NA,NA,NA,NA,NA,NA,NA,NA
"18",2020-04-01,4,56,4,NA,NA,NA,NA,NA,NA,NA,NA,NA
"19",2020-04-02,2,58,4,NA,NA,NA,NA,NA,NA,NA,NA,NA
"20",2020-04-03,2,60,3,NA,NA,NA,NA,NA,NA,NA,NA,NA
"21",2020-04-04,1,61,3,NA,NA,NA,NA,NA,NA,NA,NA,NA
"22",2020-04-05,3,64,3,NA,NA,NA,NA,NA,NA,NA,NA,NA
"23",2020-04-06,9,73,4,NA,NA,NA,NA,NA,NA,NA,NA,NA
"24",2020-04-07,5,78,4,NA,NA,NA,NA,NA,NA,NA,NA,NA
"25",2020-04-08,6,84,4,NA,NA,NA,NA,NA,NA,NA,NA,NA
"26",2020-04-09,2,86,4,NA,NA,NA,NA,NA,NA,NA,NA,NA
"27",2020-04-10,0,86,4,NA,NA,NA,NA,NA,NA,NA,NA,NA
"28",2020-04-11,2,88,4,NA,NA,NA,NA,NA,NA,NA,NA,NA
"29",2020-04-12,0,88,3,NA,NA,NA,NA,NA,NA,NA,NA,NA
"30",2020-04-13,3,91,3,NA,NA,NA,NA,NA,NA,NA,NA,NA
"31",2020-04-14,4,95,2,NA,NA,NA,NA,NA,NA,NA,NA,NA
"32",2020-04-15,6,101,2,NA,NA,NA,NA,NA,NA,NA,NA,NA
"33",2020-04-16,0,101,2,NA,NA,NA,NA,NA,NA,NA,NA,NA
"34",2020-04-17,5,106,3,NA,NA,NA,NA,NA,NA,NA,NA,NA
"35",2020-04-18,0,106,3,NA,NA,NA,NA,NA,NA,NA,NA,NA
"36",2020-04-19,3,109,3,NA,NA,NA,NA,NA,NA,NA,NA,NA
"37",2020-04-20,5,114,3,NA,NA,NA,NA,NA,NA,NA,NA,NA
"38",2020-04-21,1,115,3,NA,NA,NA,NA,NA,NA,NA,NA,NA
"39",2020-04-22,1,116,2,NA,NA,NA,NA,NA,NA,NA,NA,NA
"40",2020-04-23,6,122,3,NA,NA,NA,NA,NA,NA,NA,NA,NA
"41",2020-04-24,3,125,3,NA,NA,NA,NA,NA,NA,NA,NA,NA
"42",2020-04-25,1,126,3,NA,NA,NA,NA,NA,NA,NA,NA,NA
"43",2020-04-26,0,126,2,NA,NA,NA,NA,NA,NA,NA,NA,NA
"44",2020-04-27,17,143,4,NA,NA,NA,NA,NA,NA,NA,NA,NA
"45",2020-04-28,3,146,4,NA,NA,NA,NA,NA,NA,NA,NA,NA
"46",2020-04-29,2,148,5,NA,NA,NA,NA,NA,NA,NA,NA,NA
"47",2020-04-30,3,151,4,NA,NA,NA,NA,NA,NA,NA,NA,NA
"48",2020-05-01,5,156,4,NA,NA,NA,NA,NA,NA,NA,NA,NA
"49",2020-05-02,0,156,4,NA,NA,NA,NA,NA,NA,NA,NA,NA
"50",2020-05-03,0,156,4,NA,NA,NA,NA,NA,NA,NA,NA,NA
"51",2020-05-04,5,161,3,NA,NA,NA,NA,NA,NA,NA,NA,NA
"52",2020-05-05,4,165,3,NA,NA,NA,NA,NA,NA,NA,NA,NA
"53",2020-05-06,9,174,4,NA,NA,NA,NA,NA,NA,NA,NA,NA
"54",2020-05-07,3,177,4,NA,NA,NA,NA,NA,NA,NA,NA,NA
"55",2020-05-08,1,178,3,NA,NA,NA,NA,NA,NA,NA,NA,NA
"56",2020-05-09,1,179,3,NA,NA,NA,NA,NA,NA,NA,NA,NA
"57",2020-05-10,4,183,4,NA,NA,NA,NA,NA,NA,NA,NA,NA
"58",2020-05-11,7,190,4,NA,NA,NA,NA,NA,NA,NA,NA,NA
"59",2020-05-12,1,191,4,NA,NA,NA,NA,NA,NA,NA,NA,NA
"60",2020-05-13,0,191,2,NA,NA,NA,NA,NA,NA,NA,NA,NA
"61",2020-05-14,3,194,2,NA,NA,NA,NA,NA,NA,NA,NA,NA
"62",2020-05-15,4,198,3,NA,NA,NA,NA,NA,NA,NA,NA,NA
"63",2020-05-16,0,198,3,NA,NA,NA,NA,NA,NA,NA,NA,NA
"64",2020-05-17,1,199,2,NA,NA,NA,NA,NA,NA,NA,NA,NA
"65",2020-05-18,4,203,2,NA,NA,NA,NA,NA,NA,NA,NA,NA
"66",2020-05-19,3,206,2,NA,NA,NA,NA,NA,NA,NA,NA,NA
"67",2020-05-20,0,206,2,NA,NA,NA,NA,NA,NA,NA,NA,NA
"68",2020-05-21,3,209,2,NA,NA,NA,NA,NA,NA,NA,NA,NA
"69",2020-05-22,14,223,4,NA,NA,NA,NA,NA,NA,NA,NA,NA
"70",2020-05-23,11,234,5,NA,NA,NA,NA,NA,NA,NA,NA,NA
"71",2020-05-24,5,239,6,NA,NA,NA,NA,NA,NA,NA,NA,NA
"72",2020-05-25,4,243,6,NA,NA,NA,NA,NA,NA,NA,NA,NA
"73",2020-05-26,1,244,5,NA,NA,NA,NA,NA,NA,NA,NA,NA
"74",2020-05-27,17,261,8,NA,NA,NA,NA,NA,NA,NA,NA,NA
"75",2020-05-28,14,275,9,NA,NA,NA,NA,NA,NA,NA,NA,NA
"76",2020-05-29,7,282,8,NA,NA,NA,NA,NA,NA,NA,NA,NA
"77",2020-05-30,8,290,8,NA,NA,NA,NA,NA,NA,NA,NA,NA
"78",2020-05-31,2,292,8,NA,NA,NA,NA,NA,NA,NA,NA,NA
"79",2020-06-01,5,297,8,NA,NA,NA,NA,NA,NA,NA,NA,NA
"80",2020-06-02,6,303,8,NA,NA,NA,NA,NA,NA,NA,NA,NA
"81",2020-06-03,4,307,7,NA,NA,NA,NA,NA,NA,NA,NA,NA
"82",2020-06-04,3,310,5,NA,NA,NA,NA,NA,NA,NA,NA,NA
"83",2020-06-05,9,319,5,NA,NA,NA,NA,NA,NA,NA,NA,NA
"84",2020-06-06,5,324,5,NA,NA,NA,NA,NA,NA,NA,NA,NA
"85",2020-06-07,4,328,5,NA,NA,NA,NA,NA,NA,NA,NA,NA
"86",2020-06-08,3,331,5,NA,NA,NA,NA,NA,NA,NA,NA,NA
"87",2020-06-09,3,334,4,NA,NA,NA,NA,NA,NA,NA,NA,NA
"88",2020-06-10,4,338,4,NA,NA,NA,NA,NA,NA,NA,NA,NA
"89",2020-06-11,1,339,4,NA,NA,NA,NA,NA,NA,NA,NA,NA
"90",2020-06-12,7,346,4,NA,NA,NA,NA,NA,NA,NA,NA,NA
"91",2020-06-13,6,352,4,NA,NA,NA,NA,NA,NA,NA,NA,NA
"92",2020-06-14,3,355,4,NA,NA,NA,NA,NA,NA,NA,NA,NA
"93",2020-06-15,3,358,4,NA,NA,NA,NA,NA,NA,NA,NA,NA
"94",2020-06-16,6,364,4,NA,NA,NA,NA,NA,NA,NA,NA,NA
"95",2020-06-17,3,367,4,NA,NA,NA,NA,NA,NA,NA,NA,NA
"96",2020-06-18,4,371,5,NA,NA,NA,NA,NA,NA,NA,NA,NA
"97",2020-06-19,8,379,5,NA,NA,NA,NA,NA,NA,NA,NA,NA
"98",2020-06-20,10,389,5,NA,NA,NA,NA,NA,NA,NA,NA,NA
"99",2020-06-21,5,394,6,NA,NA,NA,NA,NA,NA,NA,NA,NA
"100",2020-06-22,12,406,7,NA,NA,NA,NA,NA,NA,NA,NA,NA
"101",2020-06-23,8,414,7,NA,NA,NA,NA,NA,NA,NA,NA,NA
"102",2020-06-24,12,426,8,NA,NA,NA,NA,NA,NA,NA,NA,NA
"103",2020-06-25,26,452,12,NA,NA,NA,NA,NA,NA,NA,NA,NA
"104",2020-06-26,20,472,13,NA,NA,NA,NA,NA,NA,NA,NA,NA
"105",2020-06-27,25,497,15,NA,NA,NA,NA,NA,NA,NA,NA,NA
"106",2020-06-28,18,515,17,NA,NA,NA,NA,NA,NA,NA,NA,NA
"107",2020-06-29,34,549,20,NA,NA,NA,NA,NA,NA,NA,NA,NA
"108",2020-06-30,18,567,22,"CC","7","N1",2e-04,3571.42857142857,NA,22036493928.5714,NA,"Tuesday"
"109",2020-06-30,18,567,22,"CC","7","N2",2e-04,3571.42857142857,NA,22036493928.5714,NA,"Tuesday"
"110",2020-06-30,18,567,22,"MI","7","N1",0.0300669453333333,536909.738095238,666940.534360062,6137918944882.95,7624422971879.2,"Tuesday"
"111",2020-06-30,18,567,22,"MI","7","N2",0.00797401216666667,142393.074404762,277643.291666667,1627828826703.24,3174000951977.91,"Tuesday"
"112",2020-06-30,18,567,22,"NO","7","N1",0.115574890388889,2063837.32837302,2226787.85103968,38671728782922.7,41725059746060.4,"Tuesday"
"113",2020-06-30,18,567,22,"NO","7","N2",0.0303200507222222,541429.47718254,975461.371959626,10145186158246.7,18277980098546.9,"Tuesday"
"114",2020-07-01,27,594,24,NA,NA,NA,NA,NA,NA,NA,NA,NA
"115",2020-07-02,47,641,27,NA,NA,NA,NA,NA,NA,NA,NA,NA
"116",2020-07-03,39,680,30,NA,NA,NA,NA,NA,NA,NA,NA,NA
"117",2020-07-04,22,702,29,NA,NA,NA,NA,NA,NA,NA,NA,NA
"118",2020-07-05,37,739,32,NA,NA,NA,NA,NA,NA,NA,NA,NA
"119",2020-07-06,17,756,30,NA,NA,NA,NA,NA,NA,NA,NA,NA
"120",2020-07-07,34,790,32,"CC","8","N1",0.0210929575,376659.955357143,527626.854546155,2609236621743.52,3655029667785.64,"Tuesday"
"121",2020-07-07,34,790,32,"CC","8","N2",0.0206713078333333,369130.49702381,97278.2750870599,2557077802772.19,673875824194.073,"Tuesday"
"122",2020-07-07,34,790,32,"MI","8","N1",0.039406414,703685.964285714,990111.471621686,9083353011487.74,12780604522348.8,"Tuesday"
"123",2020-07-07,34,790,32,"MI","8","N2",2e-04,3571.42857142857,0,46100886071.4286,0,"Tuesday"
"124",2020-07-07,34,790,32,"NO","8","N1",2e-04,3571.42857142857,0,75167427142.8571,0,"Tuesday"
"125",2020-07-07,34,790,32,"NO","8","N2",0.0105099662222222,187677.968253968,161718.552566269,3950035601413.89,3403670904948.54,"Tuesday"
"126",2020-07-08,42,832,34,NA,NA,NA,NA,NA,NA,NA,NA,NA
"127",2020-07-09,35,867,32,NA,NA,NA,NA,NA,NA,NA,NA,NA
"128",2020-07-10,45,912,33,NA,NA,NA,NA,NA,NA,NA,NA,NA
"129",2020-07-11,26,938,34,NA,NA,NA,NA,NA,NA,NA,NA,NA
"130",2020-07-12,25,963,32,NA,NA,NA,NA,NA,NA,NA,NA,NA
"131",2020-07-13,40,1003,35,NA,NA,NA,NA,NA,NA,NA,NA,NA
"132",2020-07-14,30,1033,35,"MI","9","N1",2e-04,3571.42857142857,0,39476418571.4286,0,"Tuesday"
"133",2020-07-14,30,1033,35,"MI","9","N2",0.0389035961666667,694707.074404762,977413.403776988,7678873231045.79,10803738580551,"Tuesday"
"134",2020-07-14,30,1033,35,"NO","9","N1",0.0142395762222222,254278.146825397,434236.773814729,4620225790916.76,7890068284636.86,"Tuesday"
"135",2020-07-14,30,1033,35,"NO","9","N2",0.0391212491111111,698593.734126984,418660.999028414,12693425794087.8,7607056955194.31,"Tuesday"
"136",2020-07-15,43,1076,35,NA,NA,NA,NA,NA,NA,NA,NA,NA
"137",2020-07-16,46,1122,36,NA,NA,NA,NA,NA,NA,NA,NA,NA
"138",2020-07-17,43,1165,36,NA,NA,NA,NA,NA,NA,NA,NA,NA
"139",2020-07-18,60,1225,41,NA,NA,NA,NA,NA,NA,NA,NA,NA
"140",2020-07-19,33,1258,42,NA,NA,NA,NA,NA,NA,NA,NA,NA
"141",2020-07-20,25,1283,40,NA,NA,NA,NA,NA,NA,NA,NA,NA
"142",2020-07-21,27,1310,40,"CC","10","N1",0.110211029166667,1968054.0922619,567008.299676739,13484303870914.3,3884909586699.58,"Tuesday"
"143",2020-07-21,27,1310,40,"CC","10","N2",0.0111033595,198274.276785714,275351.408577313,1358494468458.21,1886595535732.19,"Tuesday"
"144",2020-07-21,27,1310,40,"MI","10","N1",0.294110171833333,5251967.35416667,776642.20995415,64016336169678.1,9466507585303.78,"Tuesday"
"145",2020-07-21,27,1310,40,"MI","10","N2",0.150714457166667,2691329.5922619,962481.219430225,32804670764938.1,11731703025755.6,"Tuesday"
"146",2020-07-21,27,1310,40,"NO","10","N1",2e-04,3571.42857142857,0,63540810714.2857,0,"Tuesday"
"147",2020-07-21,27,1310,40,"NO","10","N2",0.0304264415,543329.3125,439496.499857715,9666603800303.94,7819269893974.05,"Tuesday"
"148",2020-07-22,32,1342,38,NA,NA,NA,NA,NA,NA,NA,NA,NA
"149",2020-07-23,38,1380,37,NA,NA,NA,NA,NA,NA,NA,NA,NA
"150",2020-07-24,52,1432,38,NA,NA,NA,NA,NA,NA,NA,NA,NA
"151",2020-07-25,38,1470,35,NA,NA,NA,NA,NA,NA,NA,NA,NA
"152",2020-07-26,19,1489,33,NA,NA,NA,NA,NA,NA,NA,NA,NA
"153",2020-07-27,25,1514,33,NA,NA,NA,NA,NA,NA,NA,NA,NA
"154",2020-07-28,23,1537,32,"CC","11","N1",0.023795657,424922.446428571,595880.323973279,2107142438095.08,2954903251694.92,"Tuesday"
"155",2020-07-28,23,1537,32,"CC","11","N2",0.01570792,280498.571428571,391634.121217803,1390960747425.57,1942069391626.8,"Tuesday"
"156",2020-07-28,23,1537,32,"MI","11","N1",0.0206006726666667,367869.154761905,515194.785120252,4135830664067.97,5792163769879.89,"Tuesday"
"157",2020-07-28,23,1537,32,"MI","11","N2",0.0450590725,804626.294642857,1132862.65580318,9046146053351.94,12736398388934.6,"Tuesday"
"158",2020-07-28,23,1537,32,"NO","11","N1",0.1721488135,3074085.95535714,4342363.28724396,55506943166600.7,78407473211262.6,"Tuesday"
"159",2020-07-28,23,1537,32,"NO","11","N2",0.0482574461666667,861740.110119048,683565.441300801,15559929036272.2,12342734930626.8,"Tuesday"
"160",2020-07-29,57,1594,36,NA,NA,NA,NA,NA,NA,NA,NA,NA
"161",2020-07-30,26,1620,34,NA,NA,NA,NA,NA,NA,NA,NA,NA
"162",2020-07-31,77,1697,38,NA,NA,NA,NA,NA,NA,NA,NA,NA
"163",2020-08-01,25,1722,36,NA,NA,NA,NA,NA,NA,NA,NA,NA
"164",2020-08-02,53,1775,41,NA,NA,NA,NA,NA,NA,NA,NA,NA
"165",2020-08-03,25,1800,41,NA,NA,NA,NA,NA,NA,NA,NA,NA
"166",2020-08-04,29,1829,42,"CC","12","N1",2e-04,3571.42857142857,0,20819755000,0,"Tuesday"
"167",2020-08-04,29,1829,42,"CC","12","N2",2e-04,3571.42857142857,0,20819755000,0,"Tuesday"
"168",2020-08-04,29,1829,42,"MI","12","N1",2e-04,3571.42857142857,0,47858397857.1429,0,"Tuesday"
"169",2020-08-04,29,1829,42,"MI","12","N2",2e-04,3571.42857142857,0,47858397857.1429,0,"Tuesday"
"170",2020-08-04,29,1829,42,"NO","12","N1",2e-04,3571.42857142857,0,78412064285.7143,0,"Tuesday"
"171",2020-08-04,29,1829,42,"NO","12","N2",0.0066151085,118126.9375,162005.954371338,2593521564794.87,3556901966473.48,"Tuesday"
"172",2020-08-05,70,1899,44,NA,NA,NA,NA,NA,NA,NA,NA,NA
"173",2020-08-06,45,1944,46,NA,NA,NA,NA,NA,NA,NA,NA,NA
"174",2020-08-07,59,2003,44,NA,NA,NA,NA,NA,NA,NA,NA,NA
"175",2020-08-08,58,2061,48,NA,NA,NA,NA,NA,NA,NA,NA,NA
"176",2020-08-09,28,2089,45,NA,NA,NA,NA,NA,NA,NA,NA,NA
"177",2020-08-10,46,2135,48,NA,NA,NA,NA,NA,NA,NA,NA,NA
"178",2020-08-11,25,2160,47,"CC","13","N1",0.0786008443333333,1403586.50595238,1979920.30995896,7544673561606.03,10642630399540.9,"Tuesday"
"179",2020-08-11,25,2160,47,"CC","13","N2",2e-04,3571.42857142857,0,19197436428.5714,0,"Tuesday"
"180",2020-08-11,25,2160,47,"MI","13","N1",2e-04,3571.42857142857,0,43261828571.4286,0,"Tuesday"
"181",2020-08-11,25,2160,47,"MI","13","N2",2e-04,3571.42857142857,0,43261828571.4286,0,"Tuesday"
"182",2020-08-11,25,2160,47,"NO","13","N1",0.0219693871666667,392310.485119048,549760.045993764,7662889132728.39,10738306626639.1,"Tuesday"
"183",2020-08-11,25,2160,47,"NO","13","N2",0.00799006883333333,142679.800595238,196728.946355713,2786923966891.5,3842650559453.81,"Tuesday"
"184",2020-08-12,34,2194,42,NA,NA,NA,NA,NA,NA,NA,NA,NA
"185",2020-08-13,15,2209,38,NA,NA,NA,NA,NA,NA,NA,NA,NA
"186",2020-08-14,42,2251,35,NA,NA,NA,NA,NA,NA,NA,NA,NA
"187",2020-08-15,32,2283,32,NA,NA,NA,NA,NA,NA,NA,NA,NA
"188",2020-08-16,14,2297,30,NA,NA,NA,NA,NA,NA,NA,NA,NA
"189",2020-08-17,22,2319,26,NA,NA,NA,NA,NA,NA,NA,NA,NA
"190",2020-08-18,38,2357,28,"CC","14","N1",0.133332133166667,2380930.94940476,3362094.0769993,15051375708061.1,21253930581823.3,"Tuesday"
"191",2020-08-18,38,2357,28,"CC","14","N2",0.0624469656666667,1115124.38690476,804909.531683708,7049409019073.37,5088344025852.48,"Tuesday"
"192",2020-08-18,38,2357,28,"MI","14","N1",0.0736961401666667,1316002.50297619,852574.349739719,16638574176202.3,10779327187289.1,"Tuesday"
"193",2020-08-18,38,2357,28,"MI","14","N2",0.0268942746666667,480254.904761905,18012.7202928159,6071992141576.11,227739675288.918,"Tuesday"
"194",2020-08-18,38,2357,28,"NO","14","N1",0.0290613128333333,518952.014880952,728858.214942726,11216987497374.4,15754045171684.4,"Tuesday"
"195",2020-08-18,38,2357,28,"NO","14","N2",0.0209948596666667,374908.208333333,181862.678671451,8103525113979.45,3930905622101.98,"Tuesday"
"196",2020-08-19,35,2392,28,NA,NA,NA,NA,NA,NA,NA,NA,NA
"197",2020-08-20,29,2421,30,NA,NA,NA,NA,NA,NA,NA,NA,NA
"198",2020-08-21,44,2465,31,NA,NA,NA,NA,NA,NA,NA,NA,NA
"199",2020-08-22,53,2518,34,NA,NA,NA,NA,NA,NA,NA,NA,NA
"200",2020-08-23,26,2544,35,NA,NA,NA,NA,NA,NA,NA,NA,NA
"201",2020-08-24,32,2576,37,NA,NA,NA,NA,NA,NA,NA,NA,NA
"202",2020-08-25,40,2616,37,"CC","15","N1",0.0372105275,664473.705357143,934656.963233614,4401784465742.97,6191604676589.77,"Tuesday"
"203",2020-08-25,40,2616,37,"CC","15","N2",0.00677736266666667,121024.333333333,166103.490854401,801721762875.833,1100347176801.53,"Tuesday"
"204",2020-08-25,40,2616,37,"MI","15","N1",0.0310133643333333,553810.077380953,778154.959688275,8490412730325.46,11929824042112.1,"Tuesday"
"205",2020-08-25,40,2616,37,"MI","15","N2",0.00698727333333333,124772.738095238,171404.535705951,1912879680578.04,2627787596201.99,"Tuesday"
"206",2020-08-25,40,2616,37,"NO","15","N1",0.095682496,1708616,761537.083282791,41135284908681.6,18334163375131.7,"Tuesday"
"207",2020-08-25,40,2616,37,"NO","15","N2",0.00979452,174902.142857143,242298.219793927,4210805398970.57,5833379942649.22,"Tuesday"
"208",2020-08-26,58,2674,40,NA,NA,NA,NA,NA,NA,NA,NA,NA
"209",2020-08-27,61,2735,45,NA,NA,NA,NA,NA,NA,NA,NA,NA
"210",2020-08-28,47,2782,45,NA,NA,NA,NA,NA,NA,NA,NA,NA
"211",2020-08-29,53,2835,45,NA,NA,NA,NA,NA,NA,NA,NA,NA
"212",2020-08-30,72,2907,52,NA,NA,NA,NA,NA,NA,NA,NA,NA
"213",2020-08-31,92,2999,60,NA,NA,NA,NA,NA,NA,NA,NA,NA
"214",2020-09-01,168,3167,79,"CC","16","N1",2e-04,3571.42857142857,0,23118039642.8571,0,"Tuesday"
"215",2020-09-01,168,3167,79,"CC","16","N2",0.0325455231666667,581170.056547619,56212.7036341984,3761943473822.63,363867703093.322,"Tuesday"
"216",2020-09-01,168,3167,79,"MI","16","N1",0.0925354601666667,1652418.93154762,428841.343474275,20641774387309.9,5357023023003.16,"Tuesday"
"217",2020-09-01,168,3167,79,"MI","16","N2",0.0328600493333333,586786.595238095,129769.709622483,7330051890084.79,1621064136456.74,"Tuesday"
"218",2020-09-01,168,3167,79,"NO","16","N1",0.301564881666667,5385087.17261905,2136552.75366058,116804691039415,46342682352412.6,"Tuesday"
"219",2020-09-01,168,3167,79,"NO","16","N2",0.100792002833333,1799857.19345238,280860.132374084,39039621208959.5,6091968418644.75,"Tuesday"
"220",2020-09-02,101,3268,85,NA,NA,NA,NA,NA,NA,NA,NA,NA
"221",2020-09-03,207,3475,106,NA,NA,NA,NA,NA,NA,NA,NA,NA
"222",2020-09-04,113,3588,115,NA,NA,NA,NA,NA,NA,NA,NA,NA
"223",2020-09-05,301,3889,151,NA,NA,NA,NA,NA,NA,NA,NA,NA
"224",2020-09-06,113,4002,156,NA,NA,NA,NA,NA,NA,NA,NA,NA
"225",2020-09-07,27,4029,147,NA,NA,NA,NA,NA,NA,NA,NA,NA
"226",2020-09-08,207,4236,153,"CC","17","N1",0.0441124971666667,787723.163690476,1108958.01876375,4085141543259.82,5751069260117.64,"Tuesday"
"227",2020-09-08,207,4236,153,"CC","17","N2",0.0172641363333333,308288.148809524,430934.518442562,1598785946697.53,2234831454576.99,"Tuesday"
"228",2020-09-08,207,4236,153,"MI","17","N1",0.116773364833333,2085238.6577381,1876446.26423989,25732755451686.1,23156166157159.2,"Tuesday"
"229",2020-09-08,207,4236,153,"MI","17","N2",0.070811966,1264499.39285714,323123.235459544,15604474588292.1,3987481801175.37,"Tuesday"
"230",2020-09-08,207,4236,153,"NO","17","N1",0.3109677875,5552996.20535714,2885611.75506907,104261022133976,54179189025029.8,"Tuesday"
"231",2020-09-08,207,4236,153,"NO","17","N2",0.0960336015,1714885.74107143,53213.6617446773,32198066340221.6,999120215432.4,"Tuesday"
"232",2020-09-09,124,4360,156,NA,NA,NA,NA,NA,NA,NA,NA,NA
"233",2020-09-10,105,4465,141,NA,NA,NA,NA,NA,NA,NA,NA,NA
"234",2020-09-11,107,4572,141,NA,NA,NA,NA,NA,NA,NA,NA,NA
"235",2020-09-12,139,4711,117,NA,NA,NA,NA,NA,NA,NA,NA,NA
"236",2020-09-13,80,4791,113,NA,NA,NA,NA,NA,NA,NA,NA,NA
"237",2020-09-14,36,4827,114,NA,NA,NA,NA,NA,NA,NA,NA,NA
"238",2020-09-15,52,4879,92,"CC","18","N1",0.092781843,1656818.625,2338044.60714458,9470324064804.49,13364190728860.1,"Tuesday"
"239",2020-09-15,52,4879,92,"CC","18","N2",0.0318325318333333,568438.068452381,798842.063051762,3249174434537.49,4566156548184.12,"Tuesday"
"240",2020-09-15,52,4879,92,"MI","18","N1",0.06289047725,1123044.23660714,1058102.54199532,14666580948747.9,13818464205056.1,"Tuesday"
"241",2020-09-15,52,4879,92,"MI","18","N2",0.04845545625,865276.004464286,955937.162717184,11300214318204.1,12484218628168.3,"Tuesday"
"242",2020-09-15,52,4879,92,"NO","18","N1",0.12781070275,2282333.97767857,1336922.51255069,47172051448945.6,27631967171360.4,"Tuesday"
"243",2020-09-15,52,4879,92,"NO","18","N2",0.0352746735,629904.883928571,600487.981122824,13019087426829.4,12411088919076.9,"Tuesday"
"244",2020-09-16,80,4959,86,NA,NA,NA,NA,NA,NA,NA,NA,NA
"245",2020-09-17,63,5022,80,NA,NA,NA,NA,NA,NA,NA,NA,NA
"246",2020-09-18,36,5058,69,NA,NA,NA,NA,NA,NA,NA,NA,NA
"247",2020-09-19,37,5095,55,NA,NA,NA,NA,NA,NA,NA,NA,NA
"248",2020-09-20,18,5113,46,NA,NA,NA,NA,NA,NA,NA,NA,NA
"249",2020-09-21,14,5127,43,NA,NA,NA,NA,NA,NA,NA,NA,NA
"250",2020-09-22,22,5149,39,"CC","19","N1",0.0247644881666667,442223.00297619,620347.005679525,3264290986507.4,4579122129600.2,"Tuesday"
"251",2020-09-22,22,5149,39,"CC","19","N2",2e-04,3571.42857142857,0,26362676785.7143,0,"Tuesday"
"252",2020-09-22,22,5149,39,"MI","19","N1",0.0985127169166667,1759155.65922619,2267593.00301799,24239216543328.7,31244919995577.8,"Tuesday"
"253",2020-09-22,22,5149,39,"MI","19","N2",0.0267825945833333,478260.617559524,424904.211470519,6589901588510.23,5854709410159.13,"Tuesday"
"254",2020-09-22,22,5149,39,"NO","19","N1",0.03773979475,673924.90625,799619.029321639,13826864870173.5,16405721414231.6,"Tuesday"
"255",2020-09-22,22,5149,39,"NO","19","N2",0.01595668575,284940.816964286,225985.701084253,5846108573260.69,4636531047458.08,"Tuesday"
"256",2020-09-23,24,5173,31,NA,NA,NA,NA,NA,NA,NA,NA,NA
"257",2020-09-24,26,5199,25,NA,NA,NA,NA,NA,NA,NA,NA,NA
"258",2020-09-25,16,5215,22,NA,NA,NA,NA,NA,NA,NA,NA,NA
"259",2020-09-26,26,5241,21,NA,NA,NA,NA,NA,NA,NA,NA,NA
"260",2020-09-27,11,5252,20,NA,NA,NA,NA,NA,NA,NA,NA,NA
"261",2020-09-28,12,5264,20,NA,NA,NA,NA,NA,NA,NA,NA,NA
"262",2020-09-29,20,5284,19,"CC","20","N1",2e-04,3571.42857142857,0,22847653214.2857,0,"Tuesday"
"263",2020-09-29,20,5284,19,"CC","20","N2",2e-04,3571.42857142857,0,22847653214.2857,0,"Tuesday"
"264",2020-09-29,20,5284,19,"MI","20","N1",0.1583853865,2828310.47321429,1982926.03148218,39720427716601.4,27847957586970.3,"Tuesday"
"265",2020-09-29,20,5284,19,"MI","20","N2",0.0140975895,251742.669642857,6759.53255815665,3535441602834.17,94930003943.005,"Tuesday"
"266",2020-09-29,20,5284,19,"NO","20","N1",2e-04,3571.42857142857,0,75032233928.5714,0,"Tuesday"
"267",2020-09-29,20,5284,19,"NO","20","N2",2e-04,3571.42857142857,0,75032233928.5714,0,"Tuesday"
"268",2020-09-30,19,5303,19,NA,NA,NA,NA,NA,NA,NA,NA,NA
"269",2020-10-01,20,5323,18,NA,NA,NA,NA,NA,NA,NA,NA,NA
"270",2020-10-02,25,5348,19,NA,NA,NA,NA,NA,NA,NA,NA,NA
"271",2020-10-03,32,5380,20,NA,NA,NA,NA,NA,NA,NA,NA,NA
"272",2020-10-04,11,5391,20,NA,NA,NA,NA,NA,NA,NA,NA,NA
"273",2020-10-05,6,5397,19,NA,NA,NA,NA,NA,NA,NA,NA,NA
"274",2020-10-06,15,5412,18,"CC","21","N1",2e-04,3571.42857142857,0,20549368571.4286,0,"Tuesday"
"275",2020-10-06,15,5412,18,"CC","21","N2",0.0229275103333333,409419.827380952,573956.309863833,2355729301324.52,3302443131480.91,"Tuesday"
"276",2020-10-06,15,5412,18,"MI","21","N1",0.0221709185,395909.258928571,554849.480723106,5125481728015.55,7183138083058.26,"Tuesday"
"277",2020-10-06,15,5412,18,"MI","21","N2",2e-04,3571.42857142857,0,46236079285.7143,0,"Tuesday"
"278",2020-10-06,15,5412,18,"NO","21","N1",2e-04,3571.42857142857,0,72733949285.7143,0,"Tuesday"
"279",2020-10-06,15,5412,18,"NO","21","N2",0.00703298666666667,125589.047619048,172558.971705617,2557684477702.19,3514250739112.77,"Tuesday"
"280",2020-10-07,29,5441,20,NA,NA,NA,NA,NA,NA,NA,NA,NA
"281",2020-10-08,19,5460,20,NA,NA,NA,NA,NA,NA,NA,NA,NA
"282",2020-10-09,30,5490,20,NA,NA,NA,NA,NA,NA,NA,NA,NA
"283",2020-10-10,38,5528,21,NA,NA,NA,NA,NA,NA,NA,NA,NA
"284",2020-10-11,17,5545,22,NA,NA,NA,NA,NA,NA,NA,NA,NA
"285",2020-10-12,5,5550,22,NA,NA,NA,NA,NA,NA,NA,NA,NA
"286",2020-10-13,20,5570,23,"CC","22","N1",2e-04,3571.42857142857,0,26362676785.7143,0,"Tuesday"
"287",2020-10-13,20,5570,23,"CC","22","N2",2e-04,3571.42857142857,0,26362676785.7143,0,"Tuesday"
"288",2020-10-13,20,5570,23,"MI","22","N1",2e-04,3571.42857142857,0,50291875714.2857,0,"Tuesday"
"289",2020-10-13,20,5570,23,"MI","22","N2",2e-04,3571.42857142857,0,50291875714.2857,0,"Tuesday"
"290",2020-10-13,20,5570,23,"NO","22","N1",0.0401145477777778,716331.21031746,1234536.15557583,15266349250153.2,26310259613858.9,"Tuesday"
"291",2020-10-13,20,5570,23,"NO","22","N2",0.0569550216666667,1017053.95833333,534289.843797647,21675309843454.1,11386709442144.6,"Tuesday"
"292",2020-10-14,26,5596,22,NA,NA,NA,NA,NA,NA,NA,NA,NA
"293",2020-10-15,40,5636,25,NA,NA,NA,NA,NA,NA,NA,NA,NA
"294",2020-10-16,35,5671,26,NA,NA,NA,NA,NA,NA,NA,NA,NA
"295",2020-10-17,12,5683,22,NA,NA,NA,NA,NA,NA,NA,NA,NA
"296",2020-10-18,13,5696,22,NA,NA,NA,NA,NA,NA,NA,NA,NA
"297",2020-10-19,3,5699,21,NA,NA,NA,NA,NA,NA,NA,NA,NA
"298",2020-10-20,12,5711,20,"CC","23","N1",2e-04,3571.42857142857,0,20954948214.2857,0,"Tuesday"
"299",2020-10-20,12,5711,20,"CC","23","N2",2e-04,3571.42857142857,0,20954948214.2857,0,"Tuesday"
"300",2020-10-20,12,5711,20,"MI","23","N1",0.0446129604444444,796660.007936508,801887.833674602,10373955576611.7,10442031332177.4,"Tuesday"
"301",2020-10-20,12,5711,20,"MI","23","N2",0.00714900255555556,127660.759920635,214929.026574075,1662374211206.43,2798765033504.16,"Tuesday"
"302",2020-10-20,12,5711,20,"NO","23","N1",0.040856662,729583.25,1257489.36160991,14416448432596.7,24847788838611.8,"Tuesday"
"303",2020-10-20,12,5711,20,"NO","23","N2",0.0238744215555556,426328.956349206,75677.9378086856,8424192050093.09,1495383957765.17,"Tuesday"
"304",2020-10-21,20,5731,19,NA,NA,NA,NA,NA,NA,NA,NA,NA
"305",2020-10-22,22,5753,17,NA,NA,NA,NA,NA,NA,NA,NA,NA
"306",2020-10-23,23,5776,15,NA,NA,NA,NA,NA,NA,NA,NA,NA
"307",2020-10-24,18,5794,16,NA,NA,NA,NA,NA,NA,NA,NA,NA
"308",2020-10-25,18,5812,17,NA,NA,NA,NA,NA,NA,NA,NA,NA
"309",2020-10-26,9,5821,17,NA,NA,NA,NA,NA,NA,NA,NA,NA
"310",2020-10-27,21,5842,19,"CC","24","N1",0.0390373313333333,697095.202380953,1201218.412495,4301229574573.16,7411779831073.61,"Tuesday"
"311",2020-10-27,21,5842,19,"CC","24","N2",0.0289470592222222,516911.771825397,628849.762064303,3189458474002.49,3880140309839.81,"Tuesday"
"312",2020-10-27,21,5842,19,"MI","24","N1",0.0404650638888889,722590.426587302,698927.53438203,9682965634545.74,9365874563854.79,"Tuesday"
"313",2020-10-27,21,5842,19,"MI","24","N2",0.0481616746666667,860029.904761905,345743.557683283,11524702938318.1,4633085167242.16,"Tuesday"
"314",2020-10-27,21,5842,19,"NO","24","N1",0.0770859383333333,1376534.61309524,2378041.9925168,27304318942325.9,47169767039799.5,"Tuesday"
"315",2020-10-27,21,5842,19,"NO","24","N2",0.0269143066666667,480612.619047619,425168.443133607,9533214866769.81,8433449231929.3,"Tuesday"
"316",2020-10-28,17,5859,18,NA,NA,NA,NA,NA,NA,NA,NA,NA
"317",2020-10-29,34,5893,20,NA,NA,NA,NA,NA,NA,NA,NA,NA
"318",2020-10-30,22,5915,20,NA,NA,NA,NA,NA,NA,NA,NA,NA
"319",2020-10-31,27,5942,21,NA,NA,NA,NA,NA,NA,NA,NA,NA
"320",2020-11-01,23,5965,22,NA,NA,NA,NA,NA,NA,NA,NA,NA
"321",2020-11-02,12,5977,22,"CC","25","N1",0.0386357617777778,689924.317460317,622540.555560595,4048051936364.06,3652685428858.18,"Monday"
"322",2020-11-02,12,5977,22,"CC","25","N2",2e-04,3571.42857142857,0,20954948214.2857,0,"Monday"
"323",2020-11-02,12,5977,22,"MI","25","N1",0.128129708555556,2288030.50992063,3334998.20903899,29447854146699.5,42922740939626.1,"Monday"
"324",2020-11-02,12,5977,22,"MI","25","N2",0.00473588422222222,84569.3611111111,140292.534466767,1088440997828.28,1805620193845.87,"Monday"
"325",2020-11-02,12,5977,22,"NO","25","N1",2e-04,3571.42857142857,0,63135231071.4286,0,"Monday"
"326",2020-11-02,12,5977,22,"NO","25","N2",2e-04,3571.42857142857,0,63135231071.4286,0,"Monday"
"327",2020-11-03,19,5996,22,NA,NA,NA,NA,NA,NA,NA,NA,NA
"328",2020-11-04,16,6012,22,"CC","26","N1",2e-04,3571.42857142857,0,21225334642.8571,0,"Wednesday"
"329",2020-11-04,16,6012,22,"CC","26","N2",2e-04,3571.42857142857,0,21225334642.8571,0,"Wednesday"
"330",2020-11-04,16,6012,22,"MI","26","N1",0.0652739161111111,1165605.64484127,1008832.18134096,15045926850371.6,13022256088013.3,"Wednesday"
"331",2020-11-04,16,6012,22,"MI","26","N2",2e-04,3571.42857142857,0,46100886071.4286,0,"Wednesday"
"332",2020-11-04,16,6012,22,"NO","26","N1",0.0312440307777778,557929.121031746,960175.688907912,10369873227559.9,17846173993835.1,"Wednesday"
"333",2020-11-04,16,6012,22,"NO","26","N2",2e-04,3571.42857142857,0,66379868214.2857,0,"Wednesday"
"334",2020-11-05,36,6048,22,NA,NA,NA,NA,NA,NA,NA,NA,NA
"335",2020-11-06,37,6085,24,NA,NA,NA,NA,NA,NA,NA,NA,NA
"336",2020-11-07,21,6106,23,NA,NA,NA,NA,NA,NA,NA,NA,NA
"337",2020-11-08,23,6129,23,NA,NA,NA,NA,NA,NA,NA,NA,NA
"338",2020-11-09,12,6141,23,"CC","27","N1",0.0168962155555556,301718.134920635,516405.243506144,1827402952175.87,3127688916512.95,"Monday"
"339",2020-11-09,12,6141,23,"CC","27","N2",2e-04,3571.42857142857,0,21630914285.7143,0,"Monday"
"340",2020-11-09,12,6141,23,"MI","27","N1",2e-04,3571.42857142857,0,47317625000,0,"Monday"
"341",2020-11-09,12,6141,23,"MI","27","N2",2e-04,3571.42857142857,0,47317625000,0,"Monday"
"342",2020-11-09,12,6141,23,"NO","27","N1",0.0238267088888889,425476.944444444,730761.789485621,7650372231279.86,13139606681299.6,"Monday"
"343",2020-11-09,12,6141,23,"NO","27","N2",0.0152952926666667,273130.226190476,28770.0225562633,4911071975237.53,517305072652.346,"Monday"
"344",2020-11-10,27,6168,25,NA,NA,NA,NA,NA,NA,NA,NA,NA
"345",2020-11-11,31,6199,27,"CC","28","N1",0.0146439974444444,261499.954365079,446745.311395943,1564017576759.92,2671960387353.88,"Wednesday"
"346",2020-11-11,31,6199,27,"CC","28","N2",0.00923432466666667,164898.654761905,279426.952406061,986250246421.174,1671238016253.74,"Wednesday"
"347",2020-11-11,31,6199,27,"MI","28","N1",0.0359182377777778,641397.103174603,552407.070373915,9226213831647.06,7946131543403.66,"Wednesday"
"348",2020-11-11,31,6199,27,"MI","28","N2",0.00948638822222222,169399.78968254,287223.146780323,2436741099876.29,4131578013804.07,"Wednesday"
"349",2020-11-11,31,6199,27,"NO","28","N1",2e-04,3571.42857142857,0,75167427142.8571,0,"Wednesday"
"350",2020-11-11,31,6199,27,"NO","28","N2",0.00980204455555556,175036.509920635,148554.369222211,3683972349903.81,3126605923073.81,"Wednesday"
"351",2020-11-12,39,6238,27,NA,NA,NA,NA,NA,NA,NA,NA,NA
"352",2020-11-13,36,6274,27,NA,NA,NA,NA,NA,NA,NA,NA,NA
"353",2020-11-14,35,6309,29,NA,NA,NA,NA,NA,NA,NA,NA,NA
"354",2020-11-15,15,6324,28,NA,NA,NA,NA,NA,NA,NA,NA,NA
"355",2020-11-16,13,6337,28,"CC","29","N1",0.0140263624444444,250470.757936508,427642.182815,1535977909116.71,2622457612304.56,"Monday"
"356",2020-11-16,13,6337,28,"CC","29","N2",2e-04,3571.42857142857,0,21901300714.2857,0,"Monday"
"357",2020-11-16,13,6337,28,"MI","29","N1",0.0269461827777778,481181.83531746,827245.490707764,6302288038052.57,10834863201311.1,"Monday"
"358",2020-11-16,13,6337,28,"MI","29","N2",2e-04,3571.42857142857,0,46776852142.8571,0,"Monday"
"359",2020-11-16,13,6337,28,"NO","29","N1",0.0148715563333333,265563.505952381,453783.589204326,4845385740143.91,8279588433495.95,"Monday"
"360",2020-11-16,13,6337,28,"NO","29","N2",2e-04,3571.42857142857,0,65163129285.7143,0,"Monday"
"361",2020-11-17,32,6369,29,NA,NA,NA,NA,NA,NA,NA,NA,NA
"362",2020-11-18,22,6391,27,"CC","30","N1",2e-04,3571.42857142857,0,21901300714.2857,0,"Wednesday"
"363",2020-11-18,22,6391,27,"CC","30","N2",0.0119294077777778,213025.138888889,197676.146787713,1306347735422.25,1212222125754.92,"Wednesday"
"364",2020-11-18,22,6391,27,"MI","30","N1",2e-04,3571.42857142857,0,45424920000,0,"Wednesday"
"365",2020-11-18,22,6391,27,"MI","30","N2",0.00836083211111111,149300.573412698,252410.283008643,1898950648903.27,3210400735596.59,"Wednesday"
"366",2020-11-18,22,6391,27,"NO","30","N1",0.0300509328888889,536623.801587302,923273.793158649,10441093278500.3,17964145025713.9,"Wednesday"
"367",2020-11-18,22,6391,27,"NO","30","N2",2e-04,3571.42857142857,0,69489312142.8571,0,"Wednesday"
"368",2020-11-19,29,6420,26,NA,NA,NA,NA,NA,NA,NA,NA,NA
"369",2020-11-20,18,6438,23,NA,NA,NA,NA,NA,NA,NA,NA,NA
"370",2020-11-21,41,6479,24,NA,NA,NA,NA,NA,NA,NA,NA,NA
"371",2020-11-22,16,6495,24,NA,NA,NA,NA,NA,NA,NA,NA,NA
"372",2020-11-23,28,6523,27,"CC","31","N1",0.0141672724444444,252987.007936508,432000.455659545,1599291448020.6,2730949070913.19,"Monday"
"373",2020-11-23,28,6523,27,"CC","31","N2",0.00785042344444445,140186.132936508,236623.609021319,886205522430.242,1495848017628.4,"Monday"
"374",2020-11-23,28,6523,27,"MI","31","N1",0.148329742,2648745.39285714,3064875.38099416,33789599192829,39098099416815.9,"Monday"
"375",2020-11-23,28,6523,27,"MI","31","N2",0.00873040633333333,155900.113095238,263841.021045369,1988791504766.92,3365775501031.93,"Monday"
"376",2020-11-23,28,6523,27,"NO","31","N1",0.033682591,601474.839285714,1035599.08537586,10268498209926.2,17679953773314.7,"Monday"
"377",2020-11-23,28,6523,27,"NO","31","N2",0.00447062566666667,79832.6011904762,132088.225620971,1362918062194.71,2255036486566.94,"Monday"
"378",2020-11-24,26,6549,26,NA,NA,NA,NA,NA,NA,NA,NA,NA
"379",2020-11-25,43,6592,29,"CC","32","N1",2e-04,3571.42857142857,0,20819755000,0,"Wednesday"
"380",2020-11-25,43,6592,29,"CC","32","N2",0.0203565971666667,363510.663690476,509030.947935555,2119096828218.47,2967411894562.09,"Wednesday"
"381",2020-11-25,43,6592,29,"MI","32","N1",0.0809534474444445,1445597.27579365,438912.0177347,18167632234090,5516053644296.33,"Wednesday"
"382",2020-11-25,43,6592,29,"MI","32","N2",0.018545999,331178.553571429,114085.495921411,4162106740136.41,1433776452024.69,"Wednesday"
"383",2020-11-25,43,6592,29,"NO","32","N1",0.0387796902222222,692494.468253968,599240.510226913,11324342095516.5,9799362805614.02,"Wednesday"
"384",2020-11-25,43,6592,29,"NO","32","N2",2e-04,3571.42857142857,0,58403468571.4286,0,"Wednesday"
"385",2020-11-26,43,6635,31,NA,NA,NA,NA,NA,NA,NA,NA,NA
"386",2020-11-27,23,6658,31,NA,NA,NA,NA,NA,NA,NA,NA,NA
"387",2020-11-28,25,6683,29,NA,NA,NA,NA,NA,NA,NA,NA,NA
"388",2020-11-29,17,6700,29,NA,NA,NA,NA,NA,NA,NA,NA,NA
"389",2020-11-30,32,6732,30,"CC","33","N1",0.0317852633333333,567593.988095238,976915.729710279,6725042750028.61,11574823171620.1,"Monday"
"390",2020-11-30,32,6732,30,"CC","33","N2",2e-04,3571.42857142857,0,42315476071.4286,0,"Monday"
"391",2020-11-30,32,6732,30,"MI","33","N1",0.0592376615555556,1057815.38492063,67229.8481903381,34116337256700.2,2168276437717.36,"Monday"
"392",2020-11-30,32,6732,30,"MI","33","N2",0.0136049945555556,242946.331349206,414609.493667972,7835430542740.15,13371858187586.8,"Monday"
"393",2020-11-30,32,6732,30,"NO","33","N1",0.0331315418888889,591634.676587302,522941.238988564,19529136039994.9,17261649800583,"Monday"
"394",2020-11-30,32,6732,30,"NO","33","N2",0.00979273266666667,174870.226190476,296698.220751649,5772251985494.58,9793644871031.16,"Monday"
"395",2020-12-01,35,6767,31,NA,NA,NA,NA,NA,NA,NA,NA,NA
"396",2020-12-02,88,6855,38,"CC","34","N1",0.0432703144444444,772684.186507937,668728.618784197,6025348479684.96,5214708721713.69,"Wednesday"
"397",2020-12-02,88,6855,38,"CC","34","N2",2e-04,3571.42857142857,0,27849802142.8571,0,"Wednesday"
"398",2020-12-02,88,6855,38,"MI","34","N1",0.0316412641111111,565022.573412698,491739.630084871,8320095767530.21,7240986480035.13,"Wednesday"
"399",2020-12-02,88,6855,38,"MI","34","N2",0.0219131191111111,391305.698412698,671575.4552007,5762072239892.53,9889113046659.29,"Wednesday"
"400",2020-12-02,88,6855,38,"NO","34","N1",0.0178470431111111,318697.198412698,545813.844139336,6502493638336,11136436300377.4,"Wednesday"
"401",2020-12-02,88,6855,38,"NO","34","N2",0.00970840511111111,173364.376984127,294090.013417715,3537215777446.42,6000424386757.47,"Wednesday"
"402",2020-12-03,57,6912,40,NA,NA,NA,NA,NA,NA,NA,NA,NA
"403",2020-12-04,73,6985,47,NA,NA,NA,NA,NA,NA,NA,NA,NA
"404",2020-12-05,71,7056,53,NA,NA,NA,NA,NA,NA,NA,NA,NA
"405",2020-12-06,17,7073,53,NA,NA,NA,NA,NA,NA,NA,NA,NA
"406",2020-12-07,44,7117,55,"CC","35","N1",0.0341380872222222,609608.700396825,1049687.34608202,4038333023496.01,6953619709281.58,"Monday"
"407",2020-12-07,44,7117,55,"CC","35","N2",0.00882318677777778,157556.906746032,266710.671826201,1043730608139.62,1766816177415.84,"Monday"
"408",2020-12-07,44,7117,55,"MI","35","N1",0.0973353882222222,1738131.93253968,1524861.83327063,24673282495331.4,21645852121053.7,"Monday"
"409",2020-12-07,44,7117,55,"MI","35","N2",0.0454903268888889,812327.265873016,864656.4577064,11531219083156.4,12274047005873.9,"Monday"
"410",2020-12-07,44,7117,55,"NO","35","N1",0.189059993666667,3376071.31547619,1173282.15393523,63387878026851,22029115831706.8,"Monday"
"411",2020-12-07,44,7117,55,"NO","35","N2",0.0207822724444444,371112.007936508,187676.509524998,6967863085576.17,3523745378168.27,"Monday"
"412",2020-12-08,37,7154,55,NA,NA,NA,NA,NA,NA,NA,NA,NA
"413",2020-12-09,71,7225,53,"CC","36","N1",0.0289862397777778,517611.424603175,890343.390249488,3350525201400.15,5763238261632.18,"Wednesday"
"414",2020-12-09,71,7225,53,"CC","36","N2",0.0108988107777778,194621.621031746,330908.640137082,1259795698103.33,2141988537038.84,"Wednesday"
"415",2020-12-09,71,7225,53,"MI","36","N1",0.151333635,2702386.33928571,1691419.16585134,35803740954084.4,22409502586118.6,"Wednesday"
"416",2020-12-09,71,7225,53,"MI","36","N2",0.0748776968888889,1337101.73015873,658641.948024664,17715173911260.6,8726304357652.15,"Wednesday"
"417",2020-12-09,71,7225,53,"NO","36","N1",2e-04,3571.42857142857,0,69624505357.1429,0,"Wednesday"
"418",2020-12-09,71,7225,53,"NO","36","N2",0.0106881404444444,190859.650793651,324392.716548139,3720782458160.59,6323991080714.73,"Wednesday"
"419",2020-12-10,66,7291,54,NA,NA,NA,NA,NA,NA,NA,NA,NA
"420",2020-12-11,82,7373,55,NA,NA,NA,NA,NA,NA,NA,NA,NA
"421",2020-12-12,53,7426,53,NA,NA,NA,NA,NA,NA,NA,NA,NA
"422",2020-12-13,58,7484,59,NA,NA,NA,NA,NA,NA,NA,NA,NA
"423",2020-12-14,28,7512,56,"CC","37","N1",0.0568618608888889,1015390.37301587,1752521.81983849,6534237082260.63,11277823157459.2,"Monday"
"424",2020-12-14,28,7512,56,"CC","37","N2",0.0194440501111111,347215.180555556,308582.658807257,2234398088265.57,1985790200208.48,"Monday"
"425",2020-12-14,28,7512,56,"MI","37","N1",0.123026513666667,2196902.0297619,1904037.12836468,30187714932306.1,26163447105481.1,"Monday"
"426",2020-12-14,28,7512,56,"MI","37","N2",0.0154695756666667,276242.422619048,400089.652344958,3795857709293.12,5497647236305.75,"Monday"
"427",2020-12-14,28,7512,56,"NO","37","N1",0.106839733222222,1907852.37896825,72934.6054432511,34665616674577.1,1325219446996.5,"Monday"
"428",2020-12-14,28,7512,56,"NO","37","N2",0.0145512338888889,259843.462301587,259736.17842029,4721347395029.05,4719398050338.97,"Monday"
"429",2020-12-15,61,7573,60,NA,NA,NA,NA,NA,NA,NA,NA,NA
"430",2020-12-16,57,7630,58,"CC","38","N1",0.134147196333333,2395485.64880952,4142916.95679887,15506101014060.7,26817313164415.6,"Wednesday"
"431",2020-12-16,57,7630,58,"CC","38","N2",0.136626362888889,2439756.48015873,985429.198869994,15792668367623.6,6378733559717.54,"Wednesday"
"432",2020-12-16,57,7630,58,"MI","38","N1",0.0398907416666667,712334.672619048,687973.240769218,9302851836122.1,8984699709423.71,"Wednesday"
"433",2020-12-16,57,7630,58,"MI","38","N2",0.126259726555556,2254637.97420635,1327484.84225864,29444815512094.6,17336506668733.3,"Wednesday"
"434",2020-12-16,57,7630,58,"NO","38","N1",0.0805315746666667,1438063.83333333,2484613.72811928,26946123015924.8,46556144180172,"Wednesday"
"435",2020-12-16,57,7630,58,"NO","38","N2",0.105488383666667,1883721.13690476,1913833.31478242,35296751302810.7,35860986652147.1,"Wednesday"
"436",2020-12-17,66,7696,58,NA,NA,NA,NA,NA,NA,NA,NA,NA
"437",2020-12-18,78,7774,57,NA,NA,NA,NA,NA,NA,NA,NA,NA
"438",2020-12-19,51,7825,57,NA,NA,NA,NA,NA,NA,NA,NA,NA
"439",2020-12-20,52,7877,56,NA,NA,NA,NA,NA,NA,NA,NA,NA
"440",2020-12-21,56,7933,60,"CC","39","N1",0.803216073777778,14343144.1746032,2753057.82820867,90129171107374.4,17299611371575.8,"Monday"
"441",2020-12-21,56,7933,60,"CC","39","N2",0.0763148358888889,1362764.9265873,559512.861399346,8563315808049.71,3515856063911.7,"Monday"
"442",2020-12-21,56,7933,60,"MI","39","N1",0.223938059111111,3998893.91269841,4039646.95359665,51467340220630.2,51991847913688.5,"Monday"
"443",2020-12-21,56,7933,60,"MI","39","N2",0.0139274091111111,248703.734126984,252364.03762621,3200915047485.53,3248024595680.14,"Monday"
"444",2020-12-21,56,7933,60,"NO","39","N1",0.266466232777778,4758325.58531746,4545026.31316262,71868730883127.1,68647104343874.5,"Monday"
"445",2020-12-21,56,7933,60,"NO","39","N2",0.00874140355555555,156096.492063492,264181.159395923,2357647995868.03,3990135670329.79,"Monday"
"446",2020-12-22,43,7976,58,NA,NA,NA,NA,NA,NA,NA,NA,NA
"447",2020-12-23,74,8050,60,NA,NA,NA,NA,NA,NA,NA,NA,NA
"448",2020-12-24,68,8118,60,NA,NA,NA,NA,NA,NA,NA,NA,NA
"449",2020-12-25,47,8165,56,NA,NA,NA,NA,NA,NA,NA,NA,NA
"450",2020-12-26,34,8199,53,NA,NA,NA,NA,NA,NA,NA,NA,NA
"451",2020-12-27,35,8234,51,NA,NA,NA,NA,NA,NA,NA,NA,NA
"452",2020-12-28,22,8256,46,"CC","41","N1",0.286262557222222,5111831.37896825,1436878.18104911,35217687268873.6,9899294924291.69,"Monday"
"453",2020-12-28,22,8256,46,"CC","41","N2",0.0399350933333333,713126.666666667,618818.5575943,4913047803785.33,4263317160107.53,"Monday"
"454",2020-12-28,22,8256,46,"MI","41","N1",0.374599595888889,6689278.49801587,2921408.60109292,90904765571835.6,39700838304260.7,"Monday"
"455",2020-12-28,22,8256,46,"MI","41","N2",0.0775593038888889,1384987.56944444,206723.778042862,18821457404950,2809297981342.02,"Monday"
"456",2020-12-28,22,8256,46,"NO","41","N1",0.0258899265555556,462320.117063492,794576.036373842,7402801152029.92,12722977392385.1,"Monday"
"457",2020-12-28,22,8256,46,"NO","41","N2",0.0358824076666667,640757.279761905,603070.061348625,10259987730842.3,9656529275132.62,"Monday"
"458",2020-12-29,104,8360,55,NA,NA,NA,NA,NA,NA,NA,NA,NA
"459",2020-12-30,61,8421,53,NA,NA,NA,NA,NA,NA,NA,NA,NA
"460",2020-12-31,97,8518,57,NA,NA,NA,NA,NA,NA,NA,NA,NA
"461",2021-01-01,88,8606,63,NA,NA,NA,NA,NA,NA,NA,NA,NA
"462",2021-01-02,109,8715,74,NA,NA,NA,NA,NA,NA,NA,NA,NA
"463",2021-01-03,89,8804,81,NA,NA,NA,NA,NA,NA,NA,NA,NA
"464",2021-01-04,44,8848,85,"CC","42","N1",0.0435040157777778,776857.424603175,773279.166757139,6234334590974.26,6205618824144.38,"Monday"
"465",2021-01-04,44,8848,85,"CC","42","N2",0.0203483028888889,363362.551587302,312504.645212728,2916009621176.67,2507871403153.59,"Monday"
"466",2021-01-04,44,8848,85,"MI","42","N1",0.0598675468888889,1069063.33730159,1114580.22450883,17441893535392.2,18184506880205.9,"Monday"
"467",2021-01-04,44,8848,85,"MI","42","N2",0.0304237388888889,543281.051587302,475007.300180417,8863693974857.97,7749799725798.36,"Monday"
"468",2021-01-04,44,8848,85,"NO","42","N1",0.0597278984444444,1066569.61507936,1841166.86738532,19742902071560,34081204495483.8,"Monday"
"469",2021-01-04,44,8848,85,"NO","42","N2",0.0698537891111111,1247389.09126984,1093973.20500878,23089988994520.6,20250160467764.6,"Monday"
"470",2021-01-05,89,8937,82,NA,NA,NA,NA,NA,NA,NA,NA,NA
"471",2021-01-06,123,9060,91,NA,NA,NA,NA,NA,NA,NA,NA,NA
"472",2021-01-07,88,9148,90,NA,NA,NA,NA,NA,NA,NA,NA,NA
"473",2021-01-08,137,9285,97,NA,NA,NA,NA,NA,NA,NA,NA,NA
"474",2021-01-09,157,9442,104,NA,NA,NA,NA,NA,NA,NA,NA,NA
"475",2021-01-10,97,9539,105,NA,NA,NA,NA,NA,NA,NA,NA,NA
"476",2021-01-11,65,9604,108,"CC","43","N1",0.458540898555556,8188230.33134921,2749587.8945117,58892037059325.9,19775803272350.7,"Monday"
"477",2021-01-11,65,9604,108,"CC","43","N2",0.0263881597777778,471217.138888889,205314.2093015,3389125132470.64,1476677075960.78,"Monday"
"478",2021-01-11,65,9604,108,"MI","43","N1",0.781698153333333,13958895.5952381,3658238.42891939,193923324718875,50821911655561.7,"Monday"
"479",2021-01-11,65,9604,108,"MI","43","N2",0.0685165042222222,1223509.00396825,576691.698171537,16997543412671.1,8011663292714.15,"Monday"
"480",2021-01-11,65,9604,108,"NO","43","N1",0.653584464888889,11671151.1587302,11872488.7616633,212064443077290,215722740879781,"Monday"
"481",2021-01-11,65,9604,108,"NO","43","N2",0.0578495587777778,1033027.83531746,1247291.50651729,18770082710827.5,22663246760091,"Monday"
"482",2021-01-12,87,9691,108,NA,NA,NA,NA,NA,NA,NA,NA,NA
"483",2021-01-13,123,9814,108,"CC","44","N1",0.0223687076666667,399441.208333333,685666.571728721,2797290177208.6,4801728829982.09,"Wednesday"
"484",2021-01-13,123,9814,108,"CC","44","N2",0.0125841353333333,224716.702380952,192064.798398158,1573692976865.78,1345031415733.08,"Wednesday"
"485",2021-01-13,123,9814,108,"MI","44","N1",0.204824858555556,3657586.75992063,2329626.72416461,49151402513892.6,31306002657615.9,"Wednesday"
"486",2021-01-13,123,9814,108,"MI","44","N2",0.0836422912222222,1493612.34325397,1033064.54202796,20071469605983.4,13882533610535,"Wednesday"
"487",2021-01-13,123,9814,108,"NO","44","N1",0.121591761777778,2171281.46031746,2537100.93965291,45780891378540.8,53494097682601.4,"Wednesday"
"488",2021-01-13,123,9814,108,"NO","44","N2",0.0724518112222222,1293782.34325397,1243222.03743889,27279056173271.9,26213005589370.4,"Wednesday"
"489",2021-01-14,94,9908,109,NA,NA,NA,NA,NA,NA,NA,NA,NA
"490",2021-01-15,104,10012,104,NA,NA,NA,NA,NA,NA,NA,NA,NA
"491",2021-01-16,91,10103,94,NA,NA,NA,NA,NA,NA,NA,NA,NA
"492",2021-01-17,50,10153,88,NA,NA,NA,NA,NA,NA,NA,NA,NA
"493",2021-01-18,46,10199,85,NA,NA,NA,NA,NA,NA,NA,NA,NA
"494",2021-01-19,63,10262,82,"CC","45","N1",0.0831994075555556,1485703.70634921,1283969.17185998,9673275987328.32,8359801557702.86,"Tuesday"
"495",2021-01-19,63,10262,82,"CC","45","N2",0.0189351334444444,338127.382936508,505332.441091272,2201515335823.7,3290171618429.86,"Tuesday"
"496",2021-01-19,63,10262,82,"MI","45","N1",0.233658035666667,4172464.92261905,659893.937198568,56860165593832.9,8992688791718.98,"Tuesday"
"497",2021-01-19,63,10262,82,"MI","45","N2",0.00911225877777778,162718.906746032,275651.518094872,2217447996427.79,3756434447201.43,"Tuesday"
"498",2021-01-19,63,10262,82,"NO","45","N1",0.995564142777778,17777931.1210317,27153270.3472645,362729526939821,554017947357236,"Tuesday"
"499",2021-01-19,63,10262,82,"NO","45","N2",0.171125562777778,3055813.62103175,4896158.25590713,62348865097232.9,99898079022629.5,"Tuesday"
"500",2021-01-20,71,10333,74,"CC","46","N1",0.392815726222222,7014566.53968254,3901408.11107821,47529888481713.6,26435488407184.2,"Wednesday"
"501",2021-01-20,71,10333,74,"CC","46","N2",0.131000778555556,2339299.61706349,1435650.73533049,15850822612536.7,9727802703549.03,"Wednesday"
"502",2021-01-20,71,10333,74,"MI","46","N1",0.101927379777778,1820131.78174603,2294879.83903223,23770310415390.4,29970360765574.9,"Wednesday"
"503",2021-01-20,71,10333,74,"MI","46","N2",0.0499683143333333,892291.327380952,285388.618251923,11653025371854.9,3727079606488.69,"Wednesday"
"504",2021-01-20,71,10333,74,"NO","46","N1",0.196836025222222,3514929.0218254,3218233.6417908,72248579753998.8,66150072588144.3,"Wednesday"
"505",2021-01-20,71,10333,74,"NO","46","N2",0.0557610431111111,995732.912698413,1027751.61528262,20467067275063.3,21125204544097.8,"Wednesday"
"506",2021-01-21,72,10405,71,NA,NA,NA,NA,NA,NA,NA,NA,NA
"507",2021-01-22,78,10483,67,NA,NA,NA,NA,NA,NA,NA,NA,NA
"508",2021-01-23,155,10638,76,NA,NA,NA,NA,NA,NA,NA,NA,NA
"509",2021-01-24,40,10678,75,NA,NA,NA,NA,NA,NA,NA,NA,NA
"510",2021-01-25,30,10708,73,"CC","47","N1",0.0519272294444444,927271.954365079,975502.085088496,6037379789489.76,6351401598413.53,"Monday"
"511",2021-01-25,30,10708,73,"CC","47","N2",0.0164119115555556,293069.849206349,324836.074870149,1908150005160.83,2114976889019.64,"Monday"
"512",2021-01-25,30,10708,73,"MI","47","N1",0.216637824444444,3868532.57936508,2397840.35527455,50375297774715,31224222475853.8,"Monday"
"513",2021-01-25,30,10708,73,"MI","47","N2",0.0342914741111111,612347.751984127,165244.047478117,7973876325203.53,2151776655988.64,"Monday"
"514",2021-01-25,30,10708,73,"NO","47","N1",0.0665630202222222,1188625.36111111,2052573.62086803,22632154670864.2,39082258532155.4,"Monday"
"515",2021-01-25,30,10708,73,"NO","47","N2",0.0550716795555556,983422.849206349,1127160.97066592,18724973198699.5,21461835042141.5,"Monday"
"516",2021-01-26,109,10817,79,NA,NA,NA,NA,NA,NA,NA,NA,NA
"517",2021-01-27,59,10876,78,"CC","48","N1",0.116560838333333,2081443.54166667,646885.615178757,18200760725209.6,5656560008839.32,"Wednesday"
"518",2021-01-27,59,10876,78,"CC","48","N2",0.0127014856666667,226812.244047619,386664.434727871,1983313647870.09,3381108695264.06,"Wednesday"
"519",2021-01-27,59,10876,78,"MI","48","N1",0.0839674816666667,1499419.31547619,1319762.4653971,28890416873373.3,25428835953766.7,"Wednesday"
"520",2021-01-27,59,10876,78,"MI","48","N2",0.0433028385555556,773264.974206349,119713.47114934,14899066076993.2,2306607665491.23,"Wednesday"
"521",2021-01-27,59,10876,78,"NO","48","N1",0.0998387558888889,1782834.9265873,1709110.86670982,44676798875577.8,42829317122602.5,"Wednesday"
"522",2021-01-27,59,10876,78,"NO","48","N2",0.0254531695555556,454520.884920635,390651.998016387,11390027117776.7,9789510226350.21,"Wednesday"
"523",2021-01-28,113,10989,83,NA,NA,NA,NA,NA,NA,NA,NA,NA
"524",2021-01-29,79,11068,84,NA,NA,NA,NA,NA,NA,NA,NA,NA
"525",2021-01-30,67,11135,71,NA,NA,NA,NA,NA,NA,NA,NA,NA
"526",2021-01-31,40,11175,71,NA,NA,NA,NA,NA,NA,NA,NA,NA
"527",2021-02-01,25,11200,70,"CC","49","N1",0.0551699014444444,985176.811507937,853224.075732636,7831526123505.54,6782586191890.07,"Monday"
"528",2021-02-01,25,11200,70,"CC","49","N2",0.0223421383333333,398966.755952381,369781.0710952,3171530770064.38,2939523225102.41,"Monday"
"529",2021-02-01,25,11200,70,"MI","49","N1",0.0297348474444444,530979.418650794,913497.435135243,8321295676781.29,14315964029372.1,"Monday"
"530",2021-02-01,25,11200,70,"MI","49","N2",2e-04,3571.42857142857,0,55969990714.2857,0,"Monday"
"531",2021-02-01,25,11200,70,"NO","49","N1",0.0904388552222222,1614979.55753968,1584993.59590862,34357081890013.3,33719160416333.2,"Monday"
"532",2021-02-01,25,11200,70,"NO","49","N2",2e-04,3571.42857142857,0,75978586428.5714,0,"Monday"
"533",2021-02-02,34,11234,60,NA,NA,NA,NA,NA,NA,NA,NA,NA
"534",2021-02-03,58,11292,59,"CC","50","N1",0.0992743025555556,1772755.40277778,913215.513035588,17044939314241.7,8780513643408.12,"Wednesday"
"535",2021-02-03,58,11292,59,"CC","50","N2",0.0580802235555556,1037146.84920635,709272.589298897,9972106178313.69,6819614382735.16,"Wednesday"
"536",2021-02-03,58,11292,59,"MI","50","N1",0.0431530132222222,770589.521825397,779517.967227723,10938739806799,11065481656213.1,"Wednesday"
"537",2021-02-03,58,11292,59,"MI","50","N2",2e-04,3571.42857142857,0,50697455357.1429,0,"Wednesday"
"538",2021-02-03,58,11292,59,"NO","50","N1",0.0805144547777778,1437758.12103175,2484084.21888043,31185547741996.3,53880778602345.1,"Wednesday"
"539",2021-02-03,58,11292,59,"NO","50","N2",0.0104611114444444,186805.561507937,317370.827926862,4051887220567.85,6883899983905.22,"Wednesday"
"540",2021-02-04,48,11340,50,NA,NA,NA,NA,NA,NA,NA,NA,NA
"541",2021-02-05,51,11391,46,NA,NA,NA,NA,NA,NA,NA,NA,NA
"542",2021-02-06,46,11437,43,NA,NA,NA,NA,NA,NA,NA,NA,NA
"543",2021-02-07,32,11469,42,NA,NA,NA,NA,NA,NA,NA,NA,NA
"544",2021-02-08,26,11495,42,"CC","51","N1",0.0290107407777778,518048.942460318,891101.193407278,3745562806302.34,6442780233903.47,"Monday"
"545",2021-02-08,26,11495,42,"CC","51","N2",2e-04,3571.42857142857,0,25821903928.5714,0,"Monday"
"546",2021-02-08,26,11495,42,"MI","51","N1",0.0409612621111111,731451.109126984,665432.105247401,10023209281661.4,9118538710798.93,"Monday"
"547",2021-02-08,26,11495,42,"MI","51","N2",0.0146501153333333,261609.202380952,446934.534510061,3584879088641.27,6124426251732.62,"Monday"
"548",2021-02-08,26,11495,42,"NO","51","N1",0.0815284871111111,1455865.84126984,1265205.10794355,27169472133012.3,23611347933566.8,"Monday"
"549",2021-02-08,26,11495,42,"NO","51","N2",0.0364574712222222,651026.271825397,577618.072998603,12149498702978.7,10779549662468.5,"Monday"
"550",2021-02-09,41,11536,43,NA,NA,NA,NA,NA,NA,NA,NA,NA
"551",2021-02-10,45,11581,41,"CC","52","N1",0.0146615176666667,261812.815476191,447287.2027361,2001959076660.09,3420194209220.7,"Wednesday"
"552",2021-02-10,45,11581,41,"CC","52","N2",0.018759783,334996.125,288052.876312537,2561557316703.23,2202604441814.93,"Wednesday"
"553",2021-02-10,45,11581,41,"MI","52","N1",0.045022992,803982,1386351.77662952,10864943364353.4,18735038267213.1,"Wednesday"
"554",2021-02-10,45,11581,41,"MI","52","N2",0.0294673313333333,526202.345238095,560741.092963244,7111053082285.22,7577806738348.95,"Wednesday"
"555",2021-02-10,45,11581,41,"NO","52","N1",2e-04,3571.42857142857,0,75032233928.5714,0,"Wednesday"
"556",2021-02-10,45,11581,41,"NO","52","N2",0.00445382477777778,79532.5853174603,131568.58288583,1670902113015.45,2764127712847.27,"Wednesday"
"557",2021-02-11,35,11616,39,NA,NA,NA,NA,NA,NA,NA,NA,NA
"558",2021-02-12,29,11645,36,NA,NA,NA,NA,NA,NA,NA,NA,NA
"559",2021-02-13,41,11686,36,NA,NA,NA,NA,NA,NA,NA,NA,NA
"560",2021-02-14,23,11709,34,NA,NA,NA,NA,NA,NA,NA,NA,NA
"561",2021-02-15,30,11739,35,"CC","53","N1",0.0310273182222222,554059.253968254,478958.543194834,4760965070080.21,4115633621919.01,"Monday"
"562",2021-02-15,30,11739,35,"CC","53","N2",2e-04,3571.42857142857,0,30688859642.8571,0,"Monday"
"563",2021-02-15,30,11739,35,"MI","53","N1",2e-04,3571.42857142857,0,59349821071.4286,0,"Monday"
"564",2021-02-15,30,11739,35,"MI","53","N2",0.00484432577777778,86505.8174603175,143646.575250231,1437549340614.1,2387111590814.92,"Monday"
"565",2021-02-15,30,11739,35,"NO","53","N1",2e-04,3571.42857142857,0,85171725000,0,"Monday"
"566",2021-02-15,30,11739,35,"NO","53","N2",2e-04,3571.42857142857,0,85171725000,0,"Monday"
"567",2021-02-16,32,11771,34,NA,NA,NA,NA,NA,NA,NA,NA,NA
"568",2021-02-17,21,11792,30,"CC","54","N1",0.0564472987777778,1007987.4781746,1029438.21392375,9653584075785.02,9859019644703.84,"Wednesday"
"569",2021-02-17,21,11792,30,"CC","54","N2",0.00464365988888889,82922.498015873,137440.083912704,794156002632.093,1316275682151.29,"Wednesday"
"570",2021-02-17,21,11792,30,"MI","54","N1",0.0463729827777778,828088.978174603,1428106.28764489,15046350234585.2,25948645547106.5,"Wednesday"
"571",2021-02-17,21,11792,30,"MI","54","N2",0.0252974898888889,451740.890873016,452512.761649584,8208117531454.19,8222142398764.57,"Wednesday"
"572",2021-02-17,21,11792,30,"NO","54","N1",0.0345851765555556,617592.438492063,539350.517699855,24149893321477.9,21090377170320.1,"Wednesday"
"573",2021-02-17,21,11792,30,"NO","54","N2",0.00677658588888889,121010.462301587,203410.37321243,4731906631663.86,7954013856705.13,"Wednesday"
"574",2021-02-18,22,11814,28,NA,NA,NA,NA,NA,NA,NA,NA,NA
"575",2021-02-19,32,11846,29,NA,NA,NA,NA,NA,NA,NA,NA,NA
"576",2021-02-20,19,11865,26,NA,NA,NA,NA,NA,NA,NA,NA,NA
"577",2021-02-21,12,11877,24,NA,NA,NA,NA,NA,NA,NA,NA,NA
"578",2021-02-22,8,11885,21,"CC","55","N1",0.0144533344444444,258095.257936508,440848.204197309,1944222776987.42,3320894489294.56,"Monday"
"579",2021-02-22,8,11885,21,"CC","55","N2",2e-04,3571.42857142857,0,26903449642.8571,0,"Monday"
"580",2021-02-22,8,11885,21,"MI","55","N1",2e-04,3571.42857142857,0,53130933214.2857,0,"Monday"
"581",2021-02-22,8,11885,21,"MI","55","N2",0.0265539754444444,474178.132936508,270089.14442343,7054187479562.8,4018024722394.16,"Monday"
"582",2021-02-22,8,11885,21,"NO","55","N1",0.141916542333333,2534223.9702381,3461520.42063355,50459583753281.5,68923221321374.6,"Monday"
"583",2021-02-22,8,11885,21,"NO","55","N2",0.0190966651111111,341011.876984127,342730.111567848,6789974986278.59,6824187195974.06,"Monday"
"584",2021-02-23,17,11902,19,NA,NA,NA,NA,NA,NA,NA,NA,NA
"585",2021-02-24,32,11934,20,"CC","56","N1",0.0899152258888889,1605629.03373016,1432141.72757264,11730470907104.9,10463000180753.6,"Wednesday"
"586",2021-02-24,32,11934,20,"CC","56","N2",2e-04,3571.42857142857,0,26092290357.1429,0,"Wednesday"
"587",2021-02-24,32,11934,20,"MI","56","N1",2e-04,3571.42857142857,0,49886296071.4286,0,"Wednesday"
"588",2021-02-24,32,11934,20,"MI","56","N2",0.004535668,80994.0714285714,134099.951084831,1131338383648.52,1873129961634.95,"Wednesday"
"589",2021-02-24,32,11934,20,"NO","56","N1",2e-04,3571.42857142857,0,76113779642.8571,0,"Wednesday"
"590",2021-02-24,32,11934,20,"NO","56","N2",2e-04,3571.42857142857,0,76113779642.8571,0,"Wednesday"
"591",2021-02-25,27,11961,21,NA,NA,NA,NA,NA,NA,NA,NA,NA
"592",2021-02-26,20,11981,19,NA,NA,NA,NA,NA,NA,NA,NA,NA
"593",2021-02-27,25,12006,20,NA,NA,NA,NA,NA,NA,NA,NA,NA
"594",2021-02-28,15,12021,21,NA,NA,NA,NA,NA,NA,NA,NA,NA
"595",2021-03-01,13,12034,21,"CC","57","N1",2e-04,3571.42857142857,0,25010744642.8571,0,"Monday"
"596",2021-03-01,13,12034,21,"CC","57","N2",2e-04,3571.42857142857,0,25010744642.8571,0,"Monday"
"597",2021-03-01,13,12034,21,"MI","57","N1",2e-04,3571.42857142857,0,50291875714.2857,0,"Monday"
"598",2021-03-01,13,12034,21,"MI","57","N2",2e-04,3571.42857142857,0,50291875714.2857,0,"Monday"
"599",2021-03-01,13,12034,21,"NO","57","N1",0.0310055083333333,553669.791666667,952798.314041425,14126144699331.5,24309375472540.4,"Monday"
"600",2021-03-01,13,12034,21,"NO","57","N2",0.00986720433333333,176200.077380952,299001.59058006,4495509465351.57,7628625938124.26,"Monday"
"601",2021-03-02,38,12072,24,NA,NA,NA,NA,NA,NA,NA,NA,NA
"602",2021-03-03,61,12133,28,"CC","58","N1",2e-04,3571.42857142857,0,24875551428.5714,0,"Wednesday"
"603",2021-03-03,61,12133,28,"CC","58","N2",0.00523230044444444,93433.9365079365,155646.429441593,650781793977.574,1084101412869.4,"Wednesday"
"604",2021-03-03,61,12133,28,"MI","58","N1",0.014779077,263912.089285714,450923.251633194,3826229219088.63,6537539548245.21,"Wednesday"
"605",2021-03-03,61,12133,28,"MI","58","N2",0.0258130836666667,460947.922619048,189619.105955594,6682878434166.04,2749120609322.65,"Wednesday"
"606",2021-03-03,61,12133,28,"NO","58","N1",0.0240911878888889,430199.783730159,738941.98708446,11855353061042.3,20363604259757.9,"Wednesday"
"607",2021-03-03,61,12133,28,"NO","58","N2",0.00515619977777778,92074.996031746,153292.675492369,2537382926103.71,4224406562634.95,"Wednesday"
"608",2021-03-04,26,12159,28,NA,NA,NA,NA,NA,NA,NA,NA,NA
"609",2021-03-05,16,12175,28,NA,NA,NA,NA,NA,NA,NA,NA,NA
"610",2021-03-06,8,12183,25,NA,NA,NA,NA,NA,NA,NA,NA,NA
"611",2021-03-07,10,12193,25,NA,NA,NA,NA,NA,NA,NA,NA,NA
"612",2021-03-08,11,12204,24,"CC","59","N1",2e-04,3571.42857142857,0,23523619285.7143,0,"Monday"
"613",2021-03-08,11,12204,24,"CC","59","N2",0.00498796766666667,89070.8511904762,148089.343993994,586675262000.596,975407257548.052,"Monday"
"614",2021-03-08,11,12204,24,"MI","59","N1",2e-04,3571.42857142857,0,47047238571.4286,0,"Monday"
"615",2021-03-08,11,12204,24,"MI","59","N2",0.00471603255555555,84214.8670634921,139678.53276531,1109381543759.23,1840016991208.66,"Monday"
"616",2021-03-08,11,12204,24,"NO","59","N1",0.0316283368888889,564791.73015873,490178.944682806,10711220998933.4,9296196677748.63,"Monday"
"617",2021-03-08,11,12204,24,"NO","59","N2",0.0112593143333333,201059.18452381,342058.827182287,3813068152918.25,6487112854070.54,"Monday"
"618",2021-03-09,13,12217,21,NA,NA,NA,NA,NA,NA,NA,NA,NA
"619",2021-03-10,17,12234,14,"CC","60","N1",2e-04,3571.42857142857,0,22712460000,0,"Wednesday"
"620",2021-03-10,17,12234,14,"CC","60","N2",0.00466961833333333,83386.0416666667,138242.965067405,530292598055.5,879154588024.951,"Wednesday"
"621",2021-03-10,17,12234,14,"MI","60","N1",0.151074193444444,2697753.45436508,1207099.68490547,35742360162908.4,15992785263833.1,"Wednesday"
"622",2021-03-10,17,12234,14,"MI","60","N2",0.00812883022222222,145157.682539683,245234.585526366,1923184700718.89,3249097083390.77,"Wednesday"
"623",2021-03-10,17,12234,14,"NO","60","N1",2e-04,3571.42857142857,0,87875589285.7143,0,"Wednesday"
"624",2021-03-10,17,12234,14,"NO","60","N2",0.0144840072222222,258642.986111111,220968.476997564,6363953349356.6,5436965836323.77,"Wednesday"
"625",2021-03-11,29,12263,15,NA,NA,NA,NA,NA,NA,NA,NA,NA
"626",2021-03-12,14,12277,15,NA,NA,NA,NA,NA,NA,NA,NA,NA
"627",2021-03-13,8,12285,15,NA,NA,NA,NA,NA,NA,NA,NA,NA
"628",2021-03-14,3,12288,14,NA,NA,NA,NA,NA,NA,NA,NA,NA
"629",2021-03-15,6,12294,13,"CC","61","N1",2e-04,3571.42857142857,0,22442073571.4286,0,"Monday"
"630",2021-03-15,6,12294,13,"CC","61","N2",2e-04,3571.42857142857,0,22442073571.4286,0,"Monday"
"631",2021-03-15,6,12294,13,"MI","61","N1",2e-04,3571.42857142857,0,47182431785.7143,0,"Monday"
"632",2021-03-15,6,12294,13,"MI","61","N2",2e-04,3571.42857142857,0,47182431785.7143,0,"Monday"
"633",2021-03-15,6,12294,13,"NO","61","N1",2e-04,3571.42857142857,0,68137380000,0,"Monday"
"634",2021-03-15,6,12294,13,"NO","61","N2",2e-04,3571.42857142857,0,68137380000,0,"Monday"
"635",2021-03-16,14,12308,13,NA,NA,NA,NA,NA,NA,NA,NA,NA
"636",2021-03-17,17,12325,13,"CC","62","N1",2e-04,3571.42857142857,0,33257530714.2857,0,"Wednesday"
"637",2021-03-17,17,12325,13,"CC","62","N2",2e-04,3571.42857142857,0,33257530714.2857,0,"Wednesday"
"638",2021-03-17,17,12325,13,"MI","62","N1",2e-04,3571.42857142857,0,72463562857.1429,0,"Wednesday"
"639",2021-03-17,17,12325,13,"MI","62","N2",2e-04,3571.42857142857,0,72463562857.1429,0,"Wednesday"
"640",2021-03-17,17,12325,13,"NO","62","N1",2e-04,3571.42857142857,0,91796192500,0,"Wednesday"
"641",2021-03-17,17,12325,13,"NO","62","N2",2e-04,3571.42857142857,0,91796192500,0,"Wednesday"
"642",2021-03-18,14,12339,11,NA,NA,NA,NA,NA,NA,NA,NA,NA
"643",2021-03-19,12,12351,11,NA,NA,NA,NA,NA,NA,NA,NA,NA
"644",2021-03-20,5,12356,10,NA,NA,NA,NA,NA,NA,NA,NA,NA
"645",2021-03-21,6,12362,11,NA,NA,NA,NA,NA,NA,NA,NA,NA
"646",2021-03-22,2,12364,10,"CC","63","N1",2e-04,3571.42857142857,0,27038642857.1429,0,"Monday"
"647",2021-03-22,2,12364,10,"CC","63","N2",2e-04,3571.42857142857,0,27038642857.1429,0,"Monday"
"648",2021-03-22,2,12364,10,"MI","63","N1",0.0148282051111111,264789.376984127,452442.7584997,3778808060346.16,6456808661045.35,"Monday"
"649",2021-03-22,2,12364,10,"MI","63","N2",2e-04,3571.42857142857,0,50967841785.7143,0,"Monday"
"650",2021-03-22,2,12364,10,"NO","63","N1",2e-04,3571.42857142857,0,69759698571.4286,0,"Monday"
"651",2021-03-22,2,12364,10,"NO","63","N2",2e-04,3571.42857142857,0,69759698571.4286,0,"Monday"
"652",2021-03-23,12,12376,10,NA,NA,NA,NA,NA,NA,NA,NA,NA
"653",2021-03-24,10,12386,9,"CC","64","N1",2e-04,3571.42857142857,0,24334778571.4286,0,"Wednesday"
"654",2021-03-24,10,12386,9,"CC","64","N2",2e-04,3571.42857142857,0,24334778571.4286,0,"Wednesday"
"655",2021-03-24,10,12386,9,"MI","64","N1",2e-04,3571.42857142857,0,48939943571.4286,0,"Wednesday"
"656",2021-03-24,10,12386,9,"MI","64","N2",0.00458320044444444,81842.8650793651,135570.104813148,1121507855638.29,1857742118267.87,"Wednesday"
"657",2021-03-24,10,12386,9,"NO","64","N1",0.0147527613333333,263442.166666667,450109.321781377,5335215874850.92,9115588553539.77,"Wednesday"
"658",2021-03-24,10,12386,9,"NO","64","N2",2e-04,3571.42857142857,0,72328369642.8571,0,"Wednesday"
"659",2021-03-25,11,12397,8,NA,NA,NA,NA,NA,NA,NA,NA,NA
"660",2021-03-26,14,12411,9,NA,NA,NA,NA,NA,NA,NA,NA,NA
"661",2021-03-27,12,12423,10,NA,NA,NA,NA,NA,NA,NA,NA,NA
"662",2021-03-28,5,12428,9,NA,NA,NA,NA,NA,NA,NA,NA,NA
"663",2021-03-29,4,12432,10,"CC","65","N1",0.0537991489444444,960699.088293651,1106103.56776945,7309646270993.51,8415981568005.03,"Monday"
"664",2021-03-29,4,12432,10,"CC","65","N2",0.00286658013333333,51188.9309523809,106475.972242568,389479893144.069,810140972274.343,"Monday"
"665",2021-03-29,4,12432,10,"MI","65","N1",0.0145742195,260253.919642857,397775.505341843,3911116126122.41,5977801201433.99,"Monday"
"666",2021-03-29,4,12432,10,"MI","65","N2",0.00834248016666667,148972.860119048,160563.987882315,2238775717060.28,2412968085717.28,"Monday"
"667",2021-03-29,4,12432,10,"NO","65","N1",2e-04,3571.42857142857,0,74761847500,0,"Monday"
"668",2021-03-29,4,12432,10,"NO","65","N2",2e-04,3571.42857142857,0,74761847500,0,"Monday"
"669",2021-03-30,6,12438,9,NA,NA,NA,NA,NA,NA,NA,NA,NA
"670",2021-03-31,12,12450,9,"CC","66","N1",0.0407462378333333,727611.389880952,1038330.29283515,5370899491170.05,7664486453912.18,"Wednesday"
"671",2021-03-31,12,12450,9,"CC","66","N2",0.00429293833333333,76659.6130952381,179028.758309716,565866728713.348,1321509641386.7,"Wednesday"
"672",2021-03-31,12,12450,9,"MI","66","N1",2e-04,3571.42857142857,0,53266126428.5714,0,"Wednesday"
"673",2021-03-31,12,12450,9,"MI","66","N2",0.00235061677777778,41975.2996031746,94069.88817543,626041252351.162,1403006795868.73,"Wednesday"
"674",2021-03-31,12,12450,9,"NO","66","N1",0.0274828118888889,490764.498015873,570455.262851336,9883202540470.29,11488045540846.4,"Wednesday"
"675",2021-03-31,12,12450,9,"NO","66","N2",0.00731722655555556,130664.759920635,198812.82012026,2631376744688.23,4003768359028.83,"Wednesday"
"676",2021-04-01,3,12453,8,NA,NA,NA,NA,NA,NA,NA,NA,NA
"677",2021-04-02,12,12465,8,NA,NA,NA,NA,NA,NA,NA,NA,NA
"678",2021-04-03,14,12479,8,NA,NA,NA,NA,NA,NA,NA,NA,NA
"679",2021-04-04,14,12493,9,NA,NA,NA,NA,NA,NA,NA,NA,NA
"680",2021-04-05,6,12499,10,"CC","67","N1",0.0199892267222222,356950.47718254,580394.976482565,2567287421079.96,4174362601061.04,"Monday"
"681",2021-04-05,6,12499,10,"CC","67","N2",0.0108397641666667,193567.217261905,296078.322932962,1392189431801.24,2129477904385.96,"Monday"
"682",2021-04-05,6,12499,10,"MI","67","N1",0.0133324892222222,238080.16468254,574426.743697214,3145296316306.36,7588798182107.46,"Monday"
"683",2021-04-05,6,12499,10,"MI","67","N2",2e-04,3571.42857142857,0,47182431785.7143,0,"Monday"
"684",2021-04-05,6,12499,10,"NO","67","N1",0.0378860413333333,676536.452380952,1648420.92307327,12779229582514.8,31137345741589.8,"Monday"
"685",2021-04-05,6,12499,10,"NO","67","N2",0.009529755,170174.196428571,208640.569469688,3214453733464.37,3941052589400.49,"Monday"
"686",2021-04-06,9,12508,10,NA,NA,NA,NA,NA,NA,NA,NA,NA
"687",2021-04-07,14,12522,10,"CC","68","N1",0.0819379869444444,1463178.33829365,1728799.34474602,9914326545272.7,11714143646395.1,"Wednesday"
"688",2021-04-07,14,12522,10,"CC","68","N2",0.0318883642222222,569435.075396825,408160.301888579,3858425959476.64,2765646818185.96,"Wednesday"
"689",2021-04-07,14,12522,10,"MI","68","N1",0.0171755142222222,306705.611111111,742524.070817916,3982252251631.46,9640900087197.93,"Wednesday"
"690",2021-04-07,14,12522,10,"MI","68","N2",0.0141072772222222,251915.66468254,300980.433793683,3270861981523.55,3907916799532.23,"Wednesday"
"691",2021-04-07,14,12522,10,"NO","68","N1",2e-04,3571.42857142857,0,72193176428.5714,0,"Wednesday"
"692",2021-04-07,14,12522,10,"NO","68","N2",2e-04,3571.42857142857,0,72193176428.5714,0,"Wednesday"
"693",2021-04-08,9,12531,11,NA,NA,NA,NA,NA,NA,NA,NA,NA
"694",2021-04-09,13,12544,11,NA,NA,NA,NA,NA,NA,NA,NA,NA
"695",2021-04-10,5,12549,10,NA,NA,NA,NA,NA,NA,NA,NA,NA
"696",2021-04-11,6,12555,9,NA,NA,NA,NA,NA,NA,NA,NA,NA
"697",2021-04-12,4,12559,9,"CC","69","N1",2e-04,3571.42857142857,0,24469971785.7143,0,"Monday"
"698",2021-04-12,4,12559,9,"CC","69","N2",2e-04,3571.42857142857,0,24469971785.7143,0,"Monday"
"699",2021-04-12,4,12559,9,"MI","69","N1",0.00758758222222222,135492.53968254,323139.408523227,1887452917874.03,4501431746177.9,"Monday"
"700",2021-04-12,4,12559,9,"MI","69","N2",0.00239764372222222,42815.066468254,96126.888497771,596427097195.303,1339077240757.12,"Monday"
"701",2021-04-12,4,12559,9,"NO","69","N1",2e-04,3571.42857142857,0,73004335714.2857,0,"Monday"
"702",2021-04-12,4,12559,9,"NO","69","N2",2e-04,3571.42857142857,0,73004335714.2857,0,"Monday"
"703",2021-04-13,19,12578,10,NA,NA,NA,NA,NA,NA,NA,NA,NA
"704",2021-04-14,14,12592,10,"CC","70","N1",0.186959320277778,3338559.2906746,6205747.57722049,23253580933103.1,43223990042766.7,"Wednesday"
"705",2021-04-14,14,12592,10,"CC","70","N2",2e-04,3571.42857142857,0,24875551428.5714,0,"Wednesday"
"706",2021-04-14,14,12592,10,"MI","70","N1",0.106453423777778,1900953.99603175,3184886.76095305,24466026904803,40990747458849.5,"Wednesday"
"707",2021-04-14,14,12592,10,"MI","70","N2",0.00718628566666667,128326.529761905,212554.626727244,1651612998688.44,2735661792502.56,"Wednesday"
"708",2021-04-14,14,12592,10,"NO","70","N1",0.119910627666667,2141261.20833333,3651207.79116538,46201644066631.4,78781515363105.5,"Wednesday"
"709",2021-04-14,14,12592,10,"NO","70","N2",2e-04,3571.42857142857,0,77060132142.8571,0,"Wednesday"
"710",2021-04-15,14,12606,11,NA,NA,NA,NA,NA,NA,NA,NA,NA
"711",2021-04-16,7,12613,10,NA,NA,NA,NA,NA,NA,NA,NA,NA
"712",2021-04-17,22,12635,12,NA,NA,NA,NA,NA,NA,NA,NA,NA
"713",2021-04-18,5,12640,12,NA,NA,NA,NA,NA,NA,NA,NA,NA
"714",2021-04-19,8,12648,13,"CC","71","N1",2e-04,3571.42857142857,0,24740358214.2857,0,"Monday"
"715",2021-04-19,8,12648,13,"CC","71","N2",2e-04,3571.42857142857,0,24740358214.2857,0,"Monday"
"716",2021-04-19,8,12648,13,"MI","71","N1",2e-04,3571.42857142857,0,46100886071.4286,0,"Monday"
"717",2021-04-19,8,12648,13,"MI","71","N2",0.00242729072222222,43344.4771825397,97423.6746121334,559501265237.011,1257568962707.09,"Monday"
"718",2021-04-19,8,12648,13,"NO","71","N1",0.00751484305555556,134193.625992063,319957.732761645,2631325489711.08,6273866822077.47,"Monday"
"719",2021-04-19,8,12648,13,"NO","71","N2",2e-04,3571.42857142857,0,70030085000,0,"Monday"
"720",2021-04-20,8,12656,11,NA,NA,NA,NA,NA,NA,NA,NA,NA
"721",2021-04-21,5,12661,10,"CC","72","N1",0.130911777444444,2337710.31150794,4804364.31092125,15397594063096.4,31644490348795.7,"Wednesday"
"722",2021-04-21,5,12661,10,"CC","72","N2",0.0225584416666667,402829.31547619,558918.290020691,2653280967228.3,3681378698555.37,"Wednesday"
"723",2021-04-21,5,12661,10,"MI","72","N1",0.00819552622222222,146348.682539683,349731.419097987,1855865717348.01,4434987317411.83,"Wednesday"
"724",2021-04-21,5,12661,10,"MI","72","N2",0.353267611333333,6308350.20238095,11165174.9917114,79996967997642.8,141586962969003,"Wednesday"
"725",2021-04-21,5,12661,10,"NO","72","N1",2e-04,3571.42857142857,0,75708200000,0,"Wednesday"
"726",2021-04-21,5,12661,10,"NO","72","N2",0.00959509566666667,171340.994047619,260117.513919489,3632137108755.67,5514048054849.45,"Wednesday"
"727",2021-04-22,18,12679,10,NA,NA,NA,NA,NA,NA,NA,NA,NA
"728",2021-04-23,16,12695,12,NA,NA,NA,NA,NA,NA,NA,NA,NA
"729",2021-04-24,7,12702,10,NA,NA,NA,NA,NA,NA,NA,NA,NA
"730",2021-04-25,8,12710,10,NA,NA,NA,NA,NA,NA,NA,NA,NA
"731",2021-04-26,4,12714,9,"CC","73","N1",0.007384975,131874.553571429,314277.188654528,893566664364.33,2129505742741.48,"Monday"
"732",2021-04-26,4,12714,9,"CC","73","N2",2e-04,3571.42857142857,0,24199585357.1429,0,"Monday"
"733",2021-04-26,4,12714,9,"MI","73","N1",2e-04,3571.42857142857,0,46776852142.8571,0,"Monday"
"734",2021-04-26,4,12714,9,"MI","73","N2",0.00539217633333333,96288.8630952381,145705.397683509,1261145175362.73,1908379156280.16,"Monday"
"735",2021-04-26,4,12714,9,"NO","73","N1",0.00840300933333333,150053.738095238,358806.914677762,3271765943365.03,7823412189448.4,"Monday"
"736",2021-04-26,4,12714,9,"NO","73","N2",2e-04,3571.42857142857,0,77871291428.5714,0,"Monday"
"737",2021-04-27,9,12723,10,NA,NA,NA,NA,NA,NA,NA,NA,NA
"738",2021-04-28,11,12734,10,"CC","74","N1",0.0111230171666667,198625.306547619,390107.755952381,1383455927851.5,2717160752845.85,"Wednesday"
"739",2021-04-28,11,12734,10,"CC","74","N2",2e-04,3571.42857142857,0,24875551428.5714,0,"Wednesday"
"740",2021-04-28,11,12734,10,"MI","74","N1",0.0124323949166667,222007.052083333,436871.247023809,3117838422749.32,6135363480498.64,"Wednesday"
"741",2021-04-28,11,12734,10,"MI","74","N2",2e-04,3571.42857142857,0,50156682500,0,"Wednesday"
"742",2021-04-28,11,12734,10,"NO","74","N1",0.0121215065833333,216455.474702381,425768.092261905,4588487223561.58,9025558047123.17,"Wednesday"
"743",2021-04-28,11,12734,10,"NO","74","N2",0.0050127825,89513.9732142857,171885.089285714,1897543700332.5,3643671000665,"Wednesday"
"744",2021-04-29,9,12743,9,NA,NA,NA,NA,NA,NA,NA,NA,NA
"745",2021-04-30,9,12752,8,NA,NA,NA,NA,NA,NA,NA,NA,NA
"746",2021-05-01,8,12760,8,NA,NA,NA,NA,NA,NA,NA,NA,NA
"747",2021-05-02,8,12768,8,NA,NA,NA,NA,NA,NA,NA,NA,NA
"748",2021-05-03,3,12771,8,"CC","75","N1",2e-04,3571.42857142857,0,21360527857.1429,0,"Monday"
"749",2021-05-03,3,12771,8,"CC","75","N2",0.00243587677777778,43497.7996031746,97799.2363088173,260158068841.448,584932127242.901,"Monday"
"750",2021-05-03,3,12771,8,"MI","75","N1",2e-04,3571.42857142857,0,63946390357.1429,0,"Monday"
"751",2021-05-03,3,12771,8,"MI","75","N2",0.00336275444444444,60049.1865079365,138341.688760867,1075180041898.31,2477006457007.26,"Monday"
"752",2021-05-03,3,12771,8,"NO","75","N1",0.007541531,134670.196428571,321125.087157584,3170843469393.86,7560970522622.13,"Monday"
"753",2021-05-03,3,12771,8,"NO","75","N2",2e-04,3571.42857142857,0,84090179285.7143,0,"Monday"
"754",2021-05-04,10,12781,8,NA,NA,NA,NA,NA,NA,NA,NA,NA
"755",2021-05-05,4,12785,7,"CC","76","N1",2e-04,3571.42857142857,0,47588011428.5714,0,"Wednesday"
"756",2021-05-05,4,12785,7,"CC","76","N2",2e-04,3571.42857142857,0,47588011428.5714,0,"Wednesday"
"757",2021-05-05,4,12785,7,"MI","76","N1",2e-04,3571.42857142857,0,98826239642.8571,0,"Wednesday"
"758",2021-05-05,4,12785,7,"MI","76","N2",0.00471667122222222,84226.2718253968,139698.286392377,2330654402619.51,3865639772038.67,"Wednesday"
"759",2021-05-05,4,12785,7,"NO","76","N1",2e-04,3571.42857142857,0,110452856071.429,0,"Wednesday"
"760",2021-05-05,4,12785,7,"NO","76","N2",2e-04,3571.42857142857,0,110452856071.429,0,"Wednesday"
"761",2021-05-06,6,12791,7,NA,NA,NA,NA,NA,NA,NA,NA,NA
"762",2021-05-07,9,12800,7,NA,NA,NA,NA,NA,NA,NA,NA,NA
"763",2021-05-08,3,12803,6,NA,NA,NA,NA,NA,NA,NA,NA,NA
"764",2021-05-09,9,12812,6,NA,NA,NA,NA,NA,NA,NA,NA,NA
"765",2021-05-10,2,12814,6,"CC","77","N1",2e-04,3571.42857142857,0,25145937857.1429,0,"Monday"
"766",2021-05-10,2,12814,6,"CC","77","N2",2e-04,3571.42857142857,0,25145937857.1429,0,"Monday"
"767",2021-05-10,2,12814,6,"MI","77","N1",0.016120458,287865.321428571,696374.974489471,4042743468302.93,9779800378995.92,"Monday"
"768",2021-05-10,2,12814,6,"MI","77","N2",0.00632140111111111,112882.162698413,180270.352536008,1585302542425.74,2531693594167.26,"Monday"
"769",2021-05-10,2,12814,6,"NO","77","N1",0.009353563,167027.910714286,400384.97640035,3319412898359.06,7957011790957.16,"Monday"
"770",2021-05-10,2,12814,6,"NO","77","N2",0.00885703827777778,158161.39781746,243053.115454588,3143205118789.01,4830292392307.99,"Monday"
"771",2021-05-11,5,12819,5,NA,NA,NA,NA,NA,NA,NA,NA,NA
"772",2021-05-12,4,12823,5,"CC","78","N1",2e-04,3571.42857142857,0,30148086785.7143,0,"Wednesday"
"773",2021-05-12,4,12823,5,"CC","78","N2",0.00534460377777778,95439.3531746032,142890.233149145,805647892638.505,1206202801947.18,"Wednesday"
"774",2021-05-12,4,12823,5,"MI","78","N1",2e-04,3571.42857142857,0,59214627857.1429,0,"Wednesday"
"775",2021-05-12,4,12823,5,"MI","78","N2",0.00242850933333333,43366.2380952381,97476.9777445818,719016382104.657,1616177629299.63,"Wednesday"
"776",2021-05-12,4,12823,5,"NO","78","N1",2e-04,3571.42857142857,0,85982884285.7143,0,"Wednesday"
"777",2021-05-12,4,12823,5,"NO","78","N2",0.00263837783333333,47113.8898809524,106656.812353212,1134276679727.47,2567784899357.82,"Wednesday"
"778",2021-05-13,11,12834,6,NA,NA,NA,NA,NA,NA,NA,NA,NA
"779",2021-05-14,3,12837,5,NA,NA,NA,NA,NA,NA,NA,NA,NA
"780",2021-05-15,7,12844,6,NA,NA,NA,NA,NA,NA,NA,NA,NA
"781",2021-05-16,7,12851,6,NA,NA,NA,NA,NA,NA,NA,NA,NA
"782",2021-05-17,1,12852,5,"CC","79","N1",0.0145503053333333,259826.880952381,443847.463240357,1711379215761.16,2923451648934.94,"Monday"
"783",2021-05-17,1,12852,5,"CC","79","N2",2e-04,3571.42857142857,0,23523619285.7143,0,"Monday"
"784",2021-05-17,1,12852,5,"MI","79","N1",2e-04,3571.42857142857,0,46776852142.8571,0,"Monday"
"785",2021-05-17,1,12852,5,"MI","79","N2",2e-04,3571.42857142857,0,46776852142.8571,0,"Monday"
"786",2021-05-17,1,12852,5,"NO","79","N1",2e-04,3571.42857142857,0,65163129285.7143,0,"Monday"
"787",2021-05-17,1,12852,5,"NO","79","N2",2e-04,3571.42857142857,0,65163129285.7143,0,"Monday"
"788",2021-05-18,4,12856,5,NA,NA,NA,NA,NA,NA,NA,NA,NA
"789",2021-05-19,6,12862,6,"CC","80","N1",2e-04,3571.42857142857,0,23118039642.8571,0,"Wednesday"
"790",2021-05-19,6,12862,6,"CC","80","N2",2e-04,3571.42857142857,0,23118039642.8571,0,"Wednesday"
"791",2021-05-19,6,12862,6,"MI","80","N1",0.0510514791111111,911633.555555556,986299.240958928,11802101179171.6,12768730773236.7,"Wednesday"
"792",2021-05-19,6,12862,6,"MI","80","N2",0.0122688478888889,219086.569444444,204712.172353286,2836317118675.18,2650224704869.65,"Wednesday"
"793",2021-05-19,6,12862,6,"NO","80","N1",2e-04,3571.42857142857,0,66379868214.2857,0,"Wednesday"
"794",2021-05-19,6,12862,6,"NO","80","N2",2e-04,3571.42857142857,0,66379868214.2857,0,"Wednesday"
"795",2021-05-20,5,12867,5,NA,NA,NA,NA,NA,NA,NA,NA,NA
"796",2021-05-21,2,12869,5,NA,NA,NA,NA,NA,NA,NA,NA,NA
"797",2021-05-22,1,12870,4,NA,NA,NA,NA,NA,NA,NA,NA,NA
"798",2021-05-23,0,12870,3,NA,NA,NA,NA,NA,NA,NA,NA,NA
"799",2021-05-24,2,12872,3,"CC","81","N1",2e-04,3571.42857142857,0,23929198928.5714,0,"Monday"
"800",2021-05-24,2,12872,3,"CC","81","N2",0.00519229561111111,92719.564484127,218367.444506395,621237372871.131,1463100245352.85,"Monday"
"801",2021-05-24,2,12872,3,"MI","81","N1",0.00725246438888889,129508.29265873,308481.056820125,1563871935701.38,3725050014578.92,"Monday"
"802",2021-05-24,2,12872,3,"MI","81","N2",2e-04,3571.42857142857,0,43126635357.1429,0,"Monday"
"803",2021-05-24,2,12872,3,"NO","81","N1",0.0131604347777778,235007.763888889,566900.929467447,4163331460872.35,10043057453903.9,"Monday"
"804",2021-05-24,2,12872,3,"NO","81","N2",0.00395092688888889,70552.2658730159,164068.873933267,1249884102909.19,2906598034434.41,"Monday"
"805",2021-05-25,7,12879,3,NA,NA,NA,NA,NA,NA,NA,NA,NA
"806",2021-05-26,7,12886,3,"CC","82","N1",2e-04,3571.42857142857,0,20684561785.7143,0,"Wednesday"
"807",2021-05-26,7,12886,3,"CC","82","N2",2e-04,3571.42857142857,0,20684561785.7143,0,"Wednesday"
"808",2021-05-26,7,12886,3,"MI","82","N1",2e-04,3571.42857142857,0,41909896428.5714,0,"Wednesday"
"809",2021-05-26,7,12886,3,"MI","82","N2",0.00344789175,61569.4955357143,115996.133928571,722503930697.13,1361188068537.12,"Wednesday"
"810",2021-05-26,7,12886,3,"NO","82","N1",2e-04,3571.42857142857,0,67731800357.1429,0,"Wednesday"
"811",2021-05-26,7,12886,3,"NO","82","N2",2e-04,3571.42857142857,0,67731800357.1429,0,"Wednesday"
"812",2021-05-27,0,12886,3,NA,NA,NA,NA,NA,NA,NA,NA,NA
"813",2021-05-28,3,12889,3,NA,NA,NA,NA,NA,NA,NA,NA,NA
"814",2021-05-29,0,12889,3,NA,NA,NA,NA,NA,NA,NA,NA,NA
"815",2021-05-30,4,12893,3,NA,NA,NA,NA,NA,NA,NA,NA,NA
"816",2021-05-31,1,12894,3,NA,NA,NA,NA,NA,NA,NA,NA,NA
"817",2021-06-01,0,12894,2,"CC","83","N1",2e-04,3571.42857142857,0,20549368571.4286,0,"Tuesday"
"818",2021-06-01,0,12894,2,"CC","83","N2",2e-04,3571.42857142857,0,20549368571.4286,0,"Tuesday"
"819",2021-06-01,0,12894,2,"MI","83","N1",2e-04,3571.42857142857,0,42856248928.5714,0,"Tuesday"
"820",2021-06-01,0,12894,2,"MI","83","N2",2e-04,3571.42857142857,0,42856248928.5714,0,"Tuesday"
"821",2021-06-01,0,12894,2,"NO","83","N1",2e-04,3571.42857142857,0,47993591071.4286,0,"Tuesday"
"822",2021-06-01,0,12894,2,"NO","83","N2",2e-04,3571.42857142857,0,47993591071.4286,0,"Tuesday"
"823",2021-06-02,1,12895,1,"CC","84","N1",2e-04,3571.42857142857,0,21090141428.5714,0,"Wednesday"
"824",2021-06-02,1,12895,1,"CC","84","N2",2e-04,3571.42857142857,0,21090141428.5714,0,"Wednesday"
"825",2021-06-02,1,12895,1,"MI","84","N1",2e-04,3571.42857142857,0,52725353571.4286,0,"Wednesday"
"826",2021-06-02,1,12895,1,"MI","84","N2",2e-04,3571.42857142857,0,52725353571.4286,0,"Wednesday"
"827",2021-06-02,1,12895,1,"NO","84","N1",2e-04,3571.42857142857,0,63000037857.1429,0,"Wednesday"
"828",2021-06-02,1,12895,1,"NO","84","N2",2e-04,3571.42857142857,0,63000037857.1429,0,"Wednesday"
"829",2021-06-03,4,12899,2,NA,NA,NA,NA,NA,NA,NA,NA,NA
"830",2021-06-04,2,12901,2,NA,NA,NA,NA,NA,NA,NA,NA,NA
"831",2021-06-05,2,12903,2,NA,NA,NA,NA,NA,NA,NA,NA,NA
"832",2021-06-06,3,12906,2,NA,NA,NA,NA,NA,NA,NA,NA,NA
"833",2021-06-07,0,12906,2,"CC","85","N1",2e-04,3571.42857142857,0,21225334642.8571,0,"Monday"
"834",2021-06-07,0,12906,2,"CC","85","N2",2e-04,3571.42857142857,0,21225334642.8571,0,"Monday"
"835",2021-06-07,0,12906,2,"MI","85","N1",0.0148742535555556,265611.670634921,405971.28682035,3267709490948.94,4994495248738.51,"Monday"
"836",2021-06-07,0,12906,2,"MI","85","N2",2e-04,3571.42857142857,0,43937794642.8571,0,"Monday"
"837",2021-06-07,0,12906,2,"NO","85","N1",2e-04,3571.42857142857,0,65163129285.7143,0,"Monday"
"838",2021-06-07,0,12906,2,"NO","85","N2",2e-04,3571.42857142857,0,65163129285.7143,0,"Monday"
"839",2021-06-08,5,12911,2,NA,NA,NA,NA,NA,NA,NA,NA,NA
"840",2021-06-09,2,12913,3,"CC","86","N1",2e-04,3571.42857142857,0,21495721071.4286,0,"Wednesday"
"841",2021-06-09,2,12913,3,"CC","86","N2",2e-04,3571.42857142857,0,21495721071.4286,0,"Wednesday"
"842",2021-06-09,2,12913,3,"MI","86","N1",2e-04,3571.42857142857,0,45424920000,0,"Wednesday"
"843",2021-06-09,2,12913,3,"MI","86","N2",2e-04,3571.42857142857,0,45424920000,0,"Wednesday"
"844",2021-06-09,2,12913,3,"NO","86","N1",0.00737474288888889,131691.837301587,313829.627025712,2607194736702.16,6213103018138.07,"Wednesday"
"845",2021-06-09,2,12913,3,"NO","86","N2",0.0647900706666667,1156965.54761905,2825227.06399358,22905250227394,55932981741031.5,"Wednesday"
"846",2021-06-10,3,12916,2,NA,NA,NA,NA,NA,NA,NA,NA,NA
"847",2021-06-11,2,12918,2,NA,NA,NA,NA,NA,NA,NA,NA,NA
"848",2021-06-12,2,12920,2,NA,NA,NA,NA,NA,NA,NA,NA,NA
"849",2021-06-13,2,12922,2,NA,NA,NA,NA,NA,NA,NA,NA,NA
"850",2021-06-14,2,12924,3,"CC","87","N1",0.0388311946666667,693414.19047619,832086.134915388,4042279796586.53,4850672250993.89,"Monday"
"851",2021-06-14,2,12924,3,"CC","87","N2",2e-04,3571.42857142857,0,20819755000,0,"Monday"
"852",2021-06-14,2,12924,3,"MI","87","N1",2e-04,3571.42857142857,0,42585862500,0,"Monday"
"853",2021-06-14,2,12924,3,"MI","87","N2",2e-04,3571.42857142857,0,42585862500,0,"Monday"
"854",2021-06-14,2,12924,3,"NO","87","N1",2e-04,3571.42857142857,0,64216776785.7143,0,"Monday"
"855",2021-06-14,2,12924,3,"NO","87","N2",0.00238308433333333,42555.0773809524,95490.0478951902,765169973475.997,1716977665463.93,"Monday"
"856",2021-06-15,0,12924,2,NA,NA,NA,NA,NA,NA,NA,NA,NA
"857",2021-06-16,0,12924,2,"CC","88","N1",0.00768031872222222,137148.548611111,327195.78540772,835853214710.758,1994098018844.78,"Wednesday"
"858",2021-06-16,0,12924,2,"CC","88","N2",0.00241047644444444,43044.2222222222,96688.203166616,262333447079.978,589267230749.793,"Wednesday"
"859",2021-06-16,0,12924,2,"MI","88","N1",2e-04,3571.42857142857,0,40422771071.4286,0,"Wednesday"
"860",2021-06-16,0,12924,2,"MI","88","N2",2e-04,3571.42857142857,0,40422771071.4286,0,"Wednesday"
"861",2021-06-16,0,12924,2,"NO","88","N1",2e-04,3571.42857142857,0,66379868214.2857,0,"Wednesday"
"862",2021-06-16,0,12924,2,"NO","88","N2",2e-04,3571.42857142857,0,66379868214.2857,0,"Wednesday"
"863",2021-06-17,3,12927,2,NA,NA,NA,NA,NA,NA,NA,NA,NA
"864",2021-06-18,3,12930,2,NA,NA,NA,NA,NA,NA,NA,NA,NA
"865",2021-06-19,5,12935,2,NA,NA,NA,NA,NA,NA,NA,NA,NA
"866",2021-06-20,0,12935,2,NA,NA,NA,NA,NA,NA,NA,NA,NA
"867",2021-06-21,1,12936,2,"CC","89","N1",0.0156092585555556,278736.759920635,674014.656709415,1677661340210.16,4056760696430.48,"Monday"
"868",2021-06-21,1,12936,2,"CC","89","N2",2e-04,3571.42857142857,0,21495721071.4286,0,"Monday"
"869",2021-06-21,1,12936,2,"MI","89","N1",0.0375181356111111,669966.70734127,1075709.38522237,8546652530155.74,13722643585392.2,"Monday"
"870",2021-06-21,1,12936,2,"MI","89","N2",0.0567040132777778,1012571.6656746,1338857.31956793,12917206323199.6,17079577496041.3,"Monday"
"871",2021-06-21,1,12936,2,"NO","89","N1",2e-04,3571.42857142857,0,69354118928.5714,0,"Monday"
"872",2021-06-21,1,12936,2,"NO","89","N2",2e-04,3571.42857142857,0,69354118928.5714,0,"Monday"
"873",2021-06-22,2,12938,2,NA,NA,NA,NA,NA,NA,NA,NA,NA
"874",2021-06-23,3,12941,2,"CC","90","N1",0.00684259305555556,122189.161706349,290552.92062618,689178751176.099,1638794277588.65,"Wednesday"
"875",2021-06-23,3,12941,2,"CC","90","N2",2e-04,3571.42857142857,0,20143788928.5714,0,"Wednesday"
"876",2021-06-23,3,12941,2,"MI","90","N1",0.0687774387777778,1228168.54960317,2999638.08700907,15063153690304.9,36789746435461.8,"Wednesday"
"877",2021-06-23,3,12941,2,"MI","90","N2",0.00229348722222222,40955.128968254,91570.9906693032,502303533382.607,1123093329877.94,"Wednesday"
"878",2021-06-23,3,12941,2,"NO","90","N1",2e-04,3571.42857142857,0,70841244285.7143,0,"Wednesday"
"879",2021-06-23,3,12941,2,"NO","90","N2",2e-04,3571.42857142857,0,70841244285.7143,0,"Wednesday"
"880",2021-06-24,3,12944,2,NA,NA,NA,NA,NA,NA,NA,NA,NA
"881",2021-06-25,2,12946,2,NA,NA,NA,NA,NA,NA,NA,NA,NA
"882",2021-06-26,1,12947,2,NA,NA,NA,NA,NA,NA,NA,NA,NA
"883",2021-06-27,1,12948,2,NA,NA,NA,NA,NA,NA,NA,NA,NA
"884",2021-06-28,0,12948,2,"CC","91","N1",2e-04,3571.42857142857,0,21090141428.5714,0,"Monday"
"885",2021-06-28,0,12948,2,"CC","91","N2",2e-04,3571.42857142857,0,21090141428.5714,0,"Monday"
"886",2021-06-28,0,12948,2,"MI","91","N1",2e-04,3571.42857142857,0,42180282857.1429,0,"Monday"
"887",2021-06-28,0,12948,2,"MI","91","N2",2e-04,3571.42857142857,0,42180282857.1429,0,"Monday"
"888",2021-06-28,0,12948,2,"NO","91","N1",2e-04,3571.42857142857,0,65433515714.2857,0,"Monday"
"889",2021-06-28,0,12948,2,"NO","91","N2",2e-04,3571.42857142857,0,65433515714.2857,0,"Monday"
"890",2021-06-29,2,12950,2,NA,NA,NA,NA,NA,NA,NA,NA,NA
"891",2021-06-30,3,12953,2,"CC","92","N1",2e-04,3571.42857142857,0,22442073571.4286,0,"Wednesday"
"892",2021-06-30,3,12953,2,"CC","92","N2",2e-04,3571.42857142857,0,22442073571.4286,0,"Wednesday"
"893",2021-06-30,3,12953,2,"MI","92","N1",2e-04,3571.42857142857,0,40963543928.5714,0,"Wednesday"
"894",2021-06-30,3,12953,2,"MI","92","N2",2e-04,3571.42857142857,0,40963543928.5714,0,"Wednesday"
"895",2021-06-30,3,12953,2,"NO","92","N1",2e-04,3571.42857142857,0,71111630714.2857,0,"Wednesday"
"896",2021-06-30,3,12953,2,"NO","92","N2",0.00245919138888889,43914.1319444444,98819.0381083467,874385549512.09,1967611224740.47,"Wednesday"
"897",2021-07-01,0,12953,1,NA,NA,NA,NA,NA,NA,NA,NA,NA
"898",2021-07-02,3,12956,1,NA,NA,NA,NA,NA,NA,NA,NA,NA
"899",2021-07-03,5,12961,2,NA,NA,NA,NA,NA,NA,NA,NA,NA
"900",2021-07-04,2,12963,2,NA,NA,NA,NA,NA,NA,NA,NA,NA
"901",2021-07-05,4,12967,3,NA,NA,NA,NA,NA,NA,NA,NA,NA
"902",2021-07-06,1,12968,3,"CC","93","N1",0.202622800888889,173676.68647619,247276.601633691,1229408060959.67,1750401009503.65,"Tuesday"
"903",2021-07-06,1,12968,3,"CC","93","N2",0.06611804,56672.6057142857,92221.3725827964,401169320502.23,652808970198.763,"Tuesday"
"904",2021-07-06,1,12968,3,"MI","93","N1",0.052421735,44932.9157142857,36044.1095436568,493259574574.641,395681024852.197,"Tuesday"
"905",2021-07-06,1,12968,3,"MI","93","N2",0.004,3428.57142857143,0,37637790857.1429,0,"Tuesday"
"906",2021-07-06,1,12968,3,"NO","93","N1",0.0285937877777778,24508.9609523809,36512.3056985808,455532447464.674,678630971332.022,"Tuesday"
"907",2021-07-06,1,12968,3,"NO","93","N2",0.004,3428.57142857143,0,63724673485.7143,0,"Tuesday"
"908",2021-07-07,10,12978,4,NA,NA,NA,NA,NA,NA,NA,NA,NA
"909",2021-07-08,14,12992,6,NA,NA,NA,NA,NA,NA,NA,NA,NA
"910",2021-07-09,4,12996,6,NA,NA,NA,NA,NA,NA,NA,NA,NA
"911",2021-07-10,5,13001,6,NA,NA,NA,NA,NA,NA,NA,NA,NA
"912",2021-07-11,5,13006,6,NA,NA,NA,NA,NA,NA,NA,NA,NA
"913",2021-07-12,4,13010,6,"CC","95","N1",0.0600356022222222,51459.0876190476,52625.8849802688,333097303717.473,340650042660.002,"Monday"
"914",2021-07-12,4,13010,6,"CC","95","N2",0.0423587725555556,36307.5193333333,50935.9129729157,235020427958.905,329710767498.836,"Monday"
"915",2021-07-12,4,13010,6,"MI","95","N1",0.0908021942222222,77830.4521904762,85715.9300495294,933945945323.531,1028569705897.06,"Monday"
"916",2021-07-12,4,13010,6,"MI","95","N2",0.0223548227222222,19161.2766190476,38537.0999903031,229930523361.034,462435554047.51,"Monday"
"917",2021-07-12,4,13010,6,"NO","95","N1",0.341614001833333,292812.001571429,168088.304136723,5431226046455.66,3117787422074.74,"Monday"
"918",2021-07-12,4,13010,6,"NO","95","N2",0.0437556368888889,37504.8316190476,55879.8490607029,695658706829.389,1036487883221.09,"Monday"
"919",2021-07-13,7,13017,7,NA,NA,NA,NA,NA,NA,NA,NA,NA
"920",2021-07-14,10,13027,7,"CC","96","N1",0.0413862979444444,35473.9696666667,49705.1568621353,232310488762.501,325507108258.867,"Wednesday"
"921",2021-07-14,10,13027,7,"CC","96","N2",0.0220253651666667,18878.8844285714,37845.3832162896,123633269975.232,247840305299.74,"Wednesday"
"922",2021-07-14,10,13027,7,"MI","96","N1",0.111764658722222,95798.2789047619,83125.5150889471,1171313514324.87,1016365224115.31,"Wednesday"
"923",2021-07-14,10,13027,7,"MI","96","N2",0.004,3428.57142857143,0,41920711885.7143,0,"Wednesday"
"924",2021-07-14,10,13027,7,"NO","96","N1",0.0397153276111111,34041.7093809524,47626.2615512949,761573398206.808,1065483917026.82,"Wednesday"
"925",2021-07-14,10,13027,7,"NO","96","N2",0.004,3428.57142857143,0,76703222057.1429,0,"Wednesday"
"926",2021-07-15,6,13033,6,NA,NA,NA,NA,NA,NA,NA,NA,NA
"927",2021-07-16,4,13037,6,NA,NA,NA,NA,NA,NA,NA,NA,NA
"928",2021-07-17,9,13046,6,NA,NA,NA,NA,NA,NA,NA,NA,NA
"929",2021-07-18,11,13057,7,NA,NA,NA,NA,NA,NA,NA,NA,NA
"930",2021-07-19,7,13064,8,"CC","97","N1",0.435646447611111,373411.240809524,217549.720617793,2459515482426.64,1432915904987.41,"Monday"
"931",2021-07-19,7,13064,8,"CC","97","N2",0.229221084666667,196475.215428571,122576.283274386,1294106286709.72,807362589937.269,"Monday"
"932",2021-07-19,7,13064,8,"MI","97","N1",0.112659544888889,96565.3241904762,71102.7965894038,1188002867492.58,874748021021.859,"Monday"
"933",2021-07-19,7,13064,8,"MI","97","N2",0.004,3428.57142857143,0,42180282857.1429,0,"Monday"
"934",2021-07-19,7,13064,8,"NO","97","N1",0.239908586111111,205635.930952381,83796.2481574741,3798671589805.89,1547951400000.39,"Monday"
"935",2021-07-19,7,13064,8,"NO","97","N2",0.0553668373888889,47457.2891904762,52386.476818201,876669049723.66,967724950876.444,"Monday"
"936",2021-07-20,8,13072,8,NA,NA,NA,NA,NA,NA,NA,NA,NA
"937",2021-07-21,9,13081,8,"CC","98","N1",0.392083250222222,336071.357333333,209756.37999221,2353510572011.87,1468925712014.67,"Wednesday"
"938",2021-07-21,9,13081,8,"CC","98","N2",0.151750495611111,130071.853380952,192488.860135821,910894294837.563,1348001123686.47,"Wednesday"
"939",2021-07-21,9,13081,8,"MI","98","N1",0.33686609,288742.362857143,236307.599279788,4295522335187.41,3515468117101.54,"Wednesday"
"940",2021-07-21,9,13081,8,"MI","98","N2",0.0390538720555556,33474.7474761905,32972.2959533928,497992480306.315,490517679181.985,"Wednesday"
"941",2021-07-21,9,13081,8,"NO","98","N1",0.148666335111111,127428.287238095,78072.9483284485,2845973045484.35,1743674904058.75,"Wednesday"
"942",2021-07-21,9,13081,8,"NO","98","N2",0.0192987637777778,16541.7975238095,32120.7128150824,369443166011.162,717381398234.313,"Wednesday"
"943",2021-07-22,14,13095,9,NA,NA,NA,NA,NA,NA,NA,NA,NA
"944",2021-07-23,15,13110,10,NA,NA,NA,NA,NA,NA,NA,NA,NA
"945",2021-07-24,17,13127,12,NA,NA,NA,NA,NA,NA,NA,NA,NA
"946",2021-07-25,13,13140,12,NA,NA,NA,NA,NA,NA,NA,NA,NA
"947",2021-07-26,12,13152,13,"CC","99","N1",0.223620207388889,191674.46347619,135285.112383479,1422110204343.32,1003734849844.39,"Monday"
"948",2021-07-26,12,13152,13,"CC","99","N2",0.0635573776111111,54477.7522380952,93703.6194560934,404192431075.232,695224971525.569,"Monday"
"949",2021-07-26,12,13152,13,"MI","99","N1",0.398808352277778,341835.730523809,40262.571901345,4076063436948.72,480092578248.371,"Monday"
"950",2021-07-26,12,13152,13,"MI","99","N2",0.208449795166667,178671.253,161726.599149826,2130483435629,1928434679916.38,"Monday"
"951",2021-07-26,12,13152,13,"NO","99","N1",0.288312058666667,247124.621714286,96131.8971880838,4761532192702.88,1852244102717.85,"Monday"
"952",2021-07-26,12,13152,13,"NO","99","N2",0.0410091030555556,35150.6597619048,77702.9299921619,677273664153.798,1497159611448.09,"Monday"
"953",2021-07-27,27,13179,15,NA,NA,NA,NA,NA,NA,NA,NA,NA
"954",2021-07-28,31,13210,18,"CC","100","N1",0.171022951388889,146591.101190476,112777.241600664,843459278943.31,648900309153.904,"Wednesday"
"955",2021-07-28,31,13210,18,"CC","100","N2",0.0642261591111111,55050.9935238095,96648.1784444372,316753683720.345,556096531371.343,"Wednesday"
"956",2021-07-28,31,13210,18,"MI","100","N1",0.849259550166667,727936.757285714,363881.637646455,8487060367622.5,4242518865086.86,"Wednesday"
"957",2021-07-28,31,13210,18,"MI","100","N2",0.401925562388889,344507.624904762,396846.249913542,4016636033843.46,4626855349686.48,"Wednesday"
"958",2021-07-28,31,13210,18,"NO","100","N1",0.194043610888889,166323.095047619,105025.664420516,3355773901505.03,2119022517887.17,"Wednesday"
"959",2021-07-28,31,13210,18,"NO","100","N2",0.157880177111111,135325.866095238,151313.986869581,2730366516513.82,3052946603261.78,"Wednesday"
"960",2021-07-29,34,13244,21,NA,NA,NA,NA,NA,NA,NA,NA,NA
"961",2021-07-30,26,13270,23,NA,NA,NA,NA,NA,NA,NA,NA,NA
"962",2021-07-31,19,13289,23,NA,NA,NA,NA,NA,NA,NA,NA,NA
"963",2021-08-01,2,13291,22,NA,NA,NA,NA,NA,NA,NA,NA,NA
"964",2021-08-02,31,13322,24,"CC","101","N1",0.430155543222222,368704.751333333,175660.774301578,2149375925226.86,1024019999539.36,"Monday"
"965",2021-08-02,31,13322,24,"CC","101","N2",0.266715238833333,228613.061857143,296598.290859312,1332707022546.36,1729029049750.69,"Monday"
"966",2021-08-02,31,13322,24,"MI","101","N1",0.886276535666667,759665.602,138067.000451799,8569424384071.12,1557467808457.12,"Monday"
"967",2021-08-02,31,13322,24,"MI","101","N2",1.06734074177778,914863.492952381,1078976.33197996,10320137576273.5,12171416034584,"Monday"
"968",2021-08-02,31,13322,24,"NO","101","N1",0.390338768888889,334576.087619048,219982.081296898,6193222495708.35,4072012391070.63,"Monday"
"969",2021-08-02,31,13322,24,"NO","101","N2",0.0813136732777778,69697.4342380952,162324.899717834,1290145152596.83,3004740200353.94,"Monday"
"970",2021-08-03,86,13408,33,NA,NA,NA,NA,NA,NA,NA,NA,NA
"971",2021-08-04,53,13461,36,"CC","102","N1",0.353043555,302608.761428571,126538.299489718,1993166922982.83,833458859032.192,"Wednesday"
"972",2021-08-04,53,13461,36,"CC","102","N2",0.144508450333333,123864.386,73756.7447213341,815846824610.372,485807163121.918,"Wednesday"
"973",2021-08-04,53,13461,36,"MI","102","N1",0.765689503888889,656305.289047619,243256.176099615,7850655349315.44,2909804982558.81,"Wednesday"
"974",2021-08-04,53,13461,36,"MI","102","N2",0.672139567666667,576119.629428571,105028.458293634,6891482860335.26,1256339453137.4,"Wednesday"
"975",2021-08-04,53,13461,36,"NO","102","N1",0.508937621777778,436232.247238095,82979.3349323534,8718958570172.71,1658505046420.36,"Wednesday"
"976",2021-08-04,53,13461,36,"NO","102","N2",0.270110121,231522.960857143,119242.677100094,4627441269043.49,2383299189857.34,"Wednesday"
"977",2021-08-05,37,13498,36,NA,NA,NA,NA,NA,NA,NA,NA,NA
"978",2021-08-06,28,13526,37,NA,NA,NA,NA,NA,NA,NA,NA,NA
"979",2021-08-07,39,13565,39,NA,NA,NA,NA,NA,NA,NA,NA,NA
"980",2021-08-08,31,13596,44,NA,NA,NA,NA,NA,NA,NA,NA,NA
"981",2021-08-09,42,13638,45,"CC","103","N1",2.24807596922222,1926922.25933333,604406.697700914,11233053816142.6,3523407822617.79,"Monday"
"982",2021-08-09,42,13638,45,"CC","103","N2",1.00395298683333,860531.131571429,465018.7159945,5016493252173.17,2710841206477.62,"Monday"
"983",2021-08-09,42,13638,45,"MI","103","N1",0.524796334222222,449825.429333333,96294.9765863628,5329681613556.93,1140934977710.92,"Monday"
"984",2021-08-09,42,13638,45,"MI","103","N2",0.222889738111111,191048.346952381,167626.199602013,2263604491105.85,1986091082696.98,"Monday"
"985",2021-08-09,42,13638,45,"NO","103","N1",0.741293612444444,635394.524952381,244340.550432211,12675555716449,4874376689071.11,"Monday"
"986",2021-08-09,42,13638,45,"NO","103","N2",0.231208115333333,198178.384571429,98251.2919916536,3953482532162.6,1960025900359.52,"Monday"
"987",2021-08-10,32,13670,37,NA,NA,NA,NA,NA,NA,NA,NA,NA
"988",2021-08-11,41,13711,36,"CC","104","N1",0.612057197055556,524620.454619048,139685.176612597,3018573342981.62,803723809889.66,"Wednesday"
"989",2021-08-11,41,13711,36,"CC","104","N2",0.580677175444444,497723.293238095,208648.186272766,2863811831813.76,1200524774814.17,"Wednesday"
"990",2021-08-11,41,13711,36,"MI","104","N1",1.13127975138889,969668.358333333,360787.863356757,13177426358143.7,4902970649127.19,"Wednesday"
"991",2021-08-11,41,13711,36,"MI","104","N2",0.660817001777778,566414.572952381,181694.307495274,7697359885072.82,2469156940243.11,"Wednesday"
"992",2021-08-11,41,13711,36,"NO","104","N1",0.4140765175,354922.729285714,206474.564112042,7577498194473.06,4408172561707.46,"Wednesday"
"993",2021-08-11,41,13711,36,"NO","104","N2",0.0443033751111111,37974.3215238095,61035.9965746077,810740843118.463,1303100972915.26,"Wednesday"
"994",2021-08-12,57,13768,39,NA,NA,NA,NA,NA,NA,NA,NA,NA
"995",2021-08-13,58,13826,43,NA,NA,NA,NA,NA,NA,NA,NA,NA
"996",2021-08-14,72,13898,48,NA,NA,NA,NA,NA,NA,NA,NA,NA
"997",2021-08-15,40,13938,49,NA,NA,NA,NA,NA,NA,NA,NA,NA
"998",2021-08-16,39,13977,48,"CC","105","N1",0.30972273,265476.625714286,154353.701941008,1698345006629.24,987453559201.023,"Monday"
"999",2021-08-16,39,13977,48,"CC","105","N2",0.123365105277778,105741.518809524,60875.8510485252,676464754591.324,389443693486.741,"Monday"
"1000",2021-08-16,39,13977,48,"MI","105","N1",0.853410250888889,731494.500761905,265392.350245929,9553072763545.47,3465935055078.32,"Monday"
"1001",2021-08-16,39,13977,48,"MI","105","N2",0.500971228333333,429403.91,244157.148467702,5607870999588.2,3188610444264.88,"Monday"
"1002",2021-08-16,39,13977,48,"NO","105","N1",0.70829957225,607113.919071428,197173.275940047,13283452080266.8,4314086170952.52,"Monday"
"1003",2021-08-16,39,13977,48,"NO","105","N2",0.004,3428.57142857143,0,75016010742.8571,0,"Monday"
"1004",2021-08-17,50,14027,51,NA,NA,NA,NA,NA,NA,NA,NA,NA
"1005",2021-08-18,87,14114,58,"CC","106","N1",0.541763644111111,464368.837809524,239145.666805787,3937531230824.91,2027792252826.58,"Wednesday"
"1006",2021-08-18,87,14114,58,"CC","106","N2",0.330688924166667,283447.649285714,147170.227284993,2403442868025.1,1247903216149.82,"Wednesday"
"1007",2021-08-18,87,14114,58,"MI","106","N1",0.541725698916667,464336.313357143,332691.606339409,9878292680572.37,7077682630569.33,"Wednesday"
"1008",2021-08-18,87,14114,58,"MI","106","N2",0.274109716444444,234951.18552381,119123.283976626,4998352507628.5,2534229243636.53,"Wednesday"
"1009",2021-08-18,87,14114,58,"NO","106","N1",0.7394195065,633788.148428571,409791.112923752,17153908163842.4,11091275743924.8,"Wednesday"
"1010",2021-08-18,87,14114,58,"NO","106","N2",0.362661099722222,310852.371190476,240488.607677834,8413431272161.2,6508988059786.7,"Wednesday"
"1011",2021-08-19,49,14163,56,NA,NA,NA,NA,NA,NA,NA,NA,NA
